"product_sku","name","total_ordered","stock_level","restocking_lead_time_days","sentiment_score","sentiment_magnitude"
"GGOEGDWR015799","Red Shine 15 oz Mug",1058,1417,20,"0.3","0.5"
"GGOEGAAX0081","Recycled Paper Journal Set",545,740,5,"0.3","0.5"
"GGOEGALB036514","Women's Scoop Neck Tee Black",116,154,5,"0.3","0.5"
"GGOEGAWH061350","Onesie Green",7,9,5,"0.3","0.5"
"GGOENEBQ084699","Learning Thermostat 3rd Gen-USA - White",849,1142,5,"0.3","0.5"
"GGOEAHPB076114","Android Stretch Fit Hat",6,8,5,"0.3","0.5"
"GGOEGADJ059715","Men's Quilted Insulated Vest Battleship Grey",30,39,5,"0.3","0.5"
"GGOEWAEA083899","Dress Socks",15,20,6,"0.3","0.5"
"GGOEYDHJ056099","22 oz  Bottle Infuser",1465,1944,7,"0.3","0.5"
"GGOEGAEC029117","Women's Short Sleeve Hero Tee Sky Blue",2,2,7,"0.3","0.5"
"GGOEGAAX0620","Infant Short Sleeve Tee Green",38,52,7,"0.3","0.5"
"GGOENEBJ079499","Learning Thermostat 3rd Gen-USA - Stainless Steel",1886,2525,7,"0.3","0.5"
"GGOEADHH073999","Android 17oz Stainless Steel Sport Bottle",210,283,8,"0.3","0.5"
"GGOEGAAJ032313","Men's Short Sleeve Hero Tee Charcoal",46,61,8,"0.3","0.5"
"GGOEGATB060613","Women's Convertible Vest-Jacket Black",33,44,8,"0.3","0.5"
"GGOEGAEA030413","Womens 3/4 Sleeve Baseball Raglan Heather/Black",23,31,9,"0.3","0.5"
"GGOEGAWQ062948","Baby Essentials Set",261,77,10,"0.3","0.5"
"GGOEGAYR068256","Youth Short Sleeve Tee Red",8,10,11,"0.3","0.5"
"GGOEGAAB058915","Men's Short Sleeve Performance Badge Tee Black",6,7,11,"0.3","0.5"
"GGOEYAAJ033013","Men's Long & Lean Tee Charcoal",10,13,12,"0.3","0.5"
"GGOEAAXN066355","Android Toddler Short Sleeve T-shirt Pink",21,28,12,"0.3","0.5"
"GGOEGAEJ029913","Women's V-Neck Tee Charcoal",6,8,12,"0.3","0.5"
"GGOEGAAB033815","Men's Vintage Badge Tee Black",439,578,13,"0.3","0.5"
"GGOEGATC060313","Women's 1/4 Zip Performance Pullover Two-Tone Blue",21,28,13,"0.3","0.5"
"GGOEGAFJ036215","Men's Pullover Hoodie Grey",21,27,13,"0.3","0.5"
"GGOEGOBG023599","Colored Pencil Set",269,367,13,"0.3","0.5"
"GGOEGAXR066030","Toddler Sports T-shirt Red",7,9,13,"0.3","0.5"
"GGOEGAWN062748","Infant Zip Hood Pink",41,54,13,"0.3","0.5"
"GGOEGALB034113","Women's Vintage Hero Tee Black",116,153,14,"0.3","0.5"
"GGOEGAAX0618","Infant Short Sleeve Tee Red",8,15,18,"0.8","1.3"
"GGOEGATH060715","Women's Convertible Vest-Jacket Sea Foam Green",4,5,14,"0.3","0.5"
"GGOEGADJ059718","Men's Quilted Insulated Vest Battleship Grey",4,5,14,"0.3","0.5"
"GGOEAHPB076113","Android Stretch Fit Hat",8,10,14,"0.3","0.5"
"GGOEGAAJ073416","Men's Short Sleeve Hero Tee Heather",18,23,14,"0.3","0.5"
"GGOEGAYL068124","Youth Sports Tee Navy",22,29,14,"0.3","0.5"
"GGOEYAXR066155","Toddler Short Sleeve Tee Red",6,7,14,"0.3","0.5"
"GGOEAAAP081213","Android Men's Take Charge Short Sleeve Tee Purple",16,21,14,"0.3","0.5"
"GGOEGAAJ032715","Men's Long & Lean Tee Grey",73,100,15,"0.3","0.5"
"GGOEGAEJ029914","Women's V-Neck Tee Charcoal",5,6,15,"0.3","0.5"
"GGOEGAEA030614","Women's Recycled Fabric Tee",1,1,15,"0.3","0.5"
"GGOEGAWR061149","Onesie Red",24,31,16,"0.3","0.5"
"GGOEGADC059315","Men's Airflow 1/4 Zip Pullover Lapis",24,31,17,"0.3","0.5"
"GGOEGAAX0683","Youth Short Sleeve T-shirt Royal Blue",4,5,17,"0.3","0.5"
"GGOEGALJ057914","Women's Short Sleeve Performance Tee Charcoal",11,14,17,"0.3","0.5"
"GGOEYAXR066130","Toddler Short Sleeve Tee Red",3,4,17,"0.3","0.5"
"GGOEGAAJ032315","Men's Short Sleeve Hero Tee Charcoal",133,182,19,"0.3","0.5"
"GGOEAAWT061750","Android Onesie Gold",2,2,19,"0.3","0.5"
"GGOEGPJC203399","Crunch Noise Dog Toy",262,352,9,"0.7","0.5"
"GGOEGAAX0339","Men's Vintage Badge Tee White",137,210,9,"0.1","0.5"
"GGOEGDHQ014899","20 oz Stainless Steel Insulated Tumbler",499,652,2,"0.2","0.5"
"GGOEAAAH083317","Android Men's Paradise Short Sleeve Tee Olive",9,11,8,"0.2","0.5"
"GGOEYAEJ029614","Women's Short Sleeve Tri-blend Badge Tee Grey",1,1,11,"0.2","0.5"
"GGOEGADB059616","Men's Quilted Insulated Vest Black",13,17,14,"0.2","0.5"
"GGOEGAAQ010417","Men's 100% Cotton Short Sleeve Hero Tee White",32,41,15,"0.2","0.5"
"GGOEGETB023799","Power Bank",156,210,7,"-0.2","0.5"
"GGOEGEHQ072599","4400mAh Power Bank",50,65,7,"0.4","0.5"
"GGOEGBRP037599","Yoga Mat Purple",10,13,17,"0.4","0.5"
"GGOEGBRC021399","Yoga Mat Blue",45,60,15,"0.8","0.5"
"GGOEGEVB070599","G Noise-reducing Bluetooth Headphones",101,132,7,"0.9","0.5"
"GGOEGHGT019599","Sunglasses",887,376,8,"0.5","1"
"GGOBJGOWUSG69402","USB wired soundbar - in store only",10,15,2,"1","1"
"GGOEGODR017799","Recycled Mouse Pad",1033,1756,39,"0.3","1"
"GGOEGAAX0319","Android Men's Short Sleeve Hero Tee Heather",18,19,17,"0.3","1"
"GGOEYAAJ033017","Men's Long & Lean Tee Charcoal",12,20,5,"0.6","1"
"GGOEGAAB058917","Men's Short Sleeve Performance Badge Tee Black",5,8,5,"0.6","1"
"9183225","Luggage Tag",0,0,11,"0.3","0.5"
"9182980","Pet Feeding Mat",0,0,8,"0.6","1"
"GGOEAAEJ028215","Android Women's Short Sleeve Badge Tee Dark Heather",3,5,6,"0.6","1"
"GGOEGBJC014399","Tote Bag",92,155,6,"0.6","1"
"GGOEGAAJ032615","Men's Short Sleeve Badge Tee Charcoal",63,105,6,"0.6","1"
"GGOEGAEJ028013","Women's Short Sleeve Hero Tee Grey",70,117,6,"0.6","1"
"GGOEGAXJ065555","Toddler Short Sleeve T-shirt Grey",56,93,6,"0.6","1"
"GGOEGAAH034015","Men's Vintage Badge Tee Sage",226,390,6,"0.6","1"
"GGOEGAAX0617","Android Onesie Gold",31,53,6,"0.6","1"
"GGOEGAAX0626","Android Infant Short Sleeve Tee Pink",13,21,7,"0.6","1"
"GGOEGAXR066029","Toddler Sports T-shirt Red",8,13,7,"0.6","1"
"GGOEAAEJ030914","Android Women's Long Sleeve Blended Cardigan Grey",17,29,7,"0.6","1"
"GGOEGAEJ035317","Vintage Henley Grey/Black",1,1,7,"0.6","1"
"GGOEGAEQ027913","Women's Short Sleeve Hero Tee White",38,65,7,"0.6","1"
"GGOEGAPB058613","Women's Yoga Jacket Black",20,34,8,"0.6","1"
"GGOEGALB034115","Women's Vintage Hero Tee Black",124,213,9,"0.6","1"
"GGOEGADB059615","Men's Quilted Insulated Vest Black",31,51,9,"0.6","1"
"GGOEGALJ060113","Women's Short Sleeve Performance Tee Pewter",1,1,10,"0.6","1"
"GGOENEBQ078999","Cam Outdoor Security Camera - USA",2719,4683,10,"0.6","1"
"GGOEGAAJ059115","Men's Short Sleeve Performance Badge Tee Pewter",77,131,10,"0.6","1"
"GGOEGGCX056199","Gift Card- $100.00",45,77,10,"0.6","1"
"GGOEGAAJ080616","Men's Bike Short Sleeve Tee Charcoal",41,70,11,"0.6","1"
"GGOEAHPJ004213","Android Stretch Fit Hat S/M",31,53,12,"0.6","1"
"GGOEYAAQ031717","Men's Short Sleeve Hero Tee  White",2,3,13,"0.6","1"
"GGOEGAYL068126","Youth Sports Tee Navy",25,42,14,"0.6","1"
"GGOEGADB057318","Men's Lightweight Microfleece Jacket Black",5,8,14,"0.6","1"
"GGOEGATB060213","Women's 1/4 Zip Performance Pullover Black",21,35,14,"0.6","1"
"GGOEAAXC066428","Android Toddler Short Sleeve T-shirt Aqua",15,25,15,"0.6","1"
"GGOEGAXC065628","Toddler Hoodie Royal Blue",27,45,15,"0.6","1"
"GGOEGAYQ068956","Youth Girl Hoodie",3,5,15,"0.6","1"
"GGOEGALJ072914","Women's Performance Hero Tee Gunmetal",15,25,15,"0.6","1"
"GGOEGAAX0042","Android Stretch Fit Hat",24,41,16,"0.6","1"
"GGOEGAAJ032713","Men's Long & Lean Tee Grey",13,21,16,"0.6","1"
"GGOEAAWN062648","Android Infant Short Sleeve Tee Pink",19,32,17,"0.6","1"
"GGOEAAAB034813","Android BTTF Cosmos Graphic Tee",3,5,17,"0.6","1"
"GGOEGADB056915","Men's Performance Full Zip Jacket Black",41,70,18,"0.6","1"
"GGOEAAAB034915","Android BTTF Moonshot Graphic Tee",10,16,18,"0.6","1"
"GGOEGAAX0613","Onesie Green",29,49,19,"0.6","1"
"GGOEGAAQ057213","Men's Colorblock Tee White/Heather",6,10,19,"0.6","1"
"GGOEGAAX0795","25L Classic Rucksack",66,114,6,"0.7","1"
"GGOEGAAX0734","Men's Short Sleeve Hero Tee Heather",1,1,7,"0.7","1"
"GGOENEBD084799","Learning Thermostat 3rd Gen-USA - Copper",324,564,9,"0.7","1"
"GGOEGAFB035814","Men's  Zip Hoodie",90,156,14,"0.7","1"
"GGOEAAAL081114","Android Men's Pep Rally Short Sleeve Tee Navy",15,26,18,"0.7","1"
"GGOEGAAX0320","Android Men's Short Sleeve Hero Tee White",22,38,11,"-0.1","1"
"GGOEGAAX0324","Android Men's Short Sleeve Tri-blend Hero Tee Grey",3,3,16,"0.2","1"
"GGOEGBFC018799","Electronics Accessory Pouch",330,568,29,"0.4","1"
"GGOEGAAX0362","Men's Pullover Hoodie Grey",25,33,5,"0.5","1.5"
"GGOEGAAX0338","Men's Vintage Badge Tee Black",433,677,8,"0.5","1.5"
"GGOEGAAX0326","Men's Short Sleeve Badge Tee Charcoal",8,12,11,"0.5","1.5"
"GGOEGAAX0289","Women's Short Sleeve Hero Dark Grey",26,50,5,"0.6","1.5"
"GGOEGAAX0746","Women's Short Sleeve Badge Tee Navy",7,8,17,"0.6","1.5"
"GGOEGAAX0592","Men's Airflow 1/4 Zip Pullover Black",8,8,9,"-0.2","1.5"
"GGOEAOCB077499","Android RFID Journal",73,86,9,"0.3","0.3"
"GGOEGAAX0586","Women's Yoga Jacket Black",23,33,6,"-0.3","0.3"
"GGOEGAAX0329","Android Men's Long & Lean Badge Tee Charcoal",39,65,18,"-0.3","0.3"
"GGOEGOAB022499","Satin Black Ballpoint Pen",403,477,2,"0.1","0.3"
"GGOEGHPB003410","Snapback Hat Black",230,105,3,"0.1","0.3"
"GGOEGOAA017199","Rubber Grip Ballpoint Pen 4 Pack",1515,1791,3,"0.1","0.3"
"GGOEAAAL081113","Android Men's Pep Rally Short Sleeve Tee Navy",6,7,5,"0.1","0.3"
"GGOEGALB036516","Women's Scoop Neck Tee Black",20,23,5,"0.1","0.3"
"GGOEGAWR061053","Onesie Red/Graphite",12,14,6,"0.1","0.3"
"GGOEGAPB057812","Women's Performance Full Zip Jacket Black",8,9,6,"0.1","0.3"
"GGOEWAAJ082815","Men's Short Sleeve Tee",5,5,7,"0.1","0.3"
"GGOEGAEJ029916","Women's V-Neck Tee Charcoal",4,4,7,"0.1","0.3"
"GGOEGAXJ065729","Toddler 1/4 Zip Fleece Pewter",29,33,7,"0.1","0.3"
"GGOEGAXR065129","Toddler Short Sleeve Tee Red",11,12,7,"0.1","0.3"
"GGOEGAEJ028115","Women's Short Sleeve Badge Tee Grey",11,13,8,"0.1","0.3"
"GGOEGAFJ036213","Men's Pullover Hoodie Grey",12,14,8,"0.1","0.3"
"GGOEGALJ060116","Women's Short Sleeve Performance Tee Pewter",5,6,8,"0.1","0.3"
"GGOEGADB056613","Men's Weatherblock Shell Jacket Black",4,4,9,"0.1","0.3"
"GGOEGAPB058215","Women's Lightweight Microfleece Jacket",5,5,9,"0.1","0.3"
"GGOEAAAB034815","Android BTTF Cosmos Graphic Tee",5,6,10,"0.1","0.3"
"GGOEGOCC077999","Spiral Journal with Pen",3896,4668,10,"0.1","0.3"
"GGOEAAYC068726","Android Youth Short Sleeve T-shirt Aqua",4,4,10,"0.1","0.3"
"GGOEGAEJ031316","Tri-blend Hoodie Grey",10,11,10,"0.1","0.3"
"GGOEAAAB081015","Android Men's Outerstellar Short Sleeve Tee Black",11,13,10,"0.1","0.3"
"GGOEGATH060713","Women's Convertible Vest-Jacket Sea Foam Green",27,32,11,"0.1","0.3"
"GGOEGAAX0684","Youth Short Sleeve T-shirt Green",11,12,11,"0.1","0.3"
"GGOENEBQ079099","Protect Smoke + CO White Battery Alarm-USA",999,325,11,"0.1","0.3"
"GGOEGALQ036615","Women's Scoop Neck Tee White",43,50,11,"0.1","0.3"
"GGOEGAAJ059116","Men's Short Sleeve Performance Badge Tee Pewter",13,15,11,"0.1","0.3"
"GGOEYAEJ029517","Women's Short Sleeve Tri-blend Badge Tee Charcoal",3,3,11,"0.1","0.3"
"GGOEGALJ060115","Women's Short Sleeve Performance Tee Pewter",7,8,12,"0.1","0.3"
"GGOEGAPB057514","Women's Weatherblock Shell Jacket Black",7,8,12,"0.1","0.3"
"GGOEAAYC068756","Android Youth Short Sleeve T-shirt Aqua",64,77,13,"0.1","0.3"
"GGOEYAEB028414","Women's  Short Sleeve Hero Tee Black",31,37,13,"0.1","0.3"
"GGOEAAAP081216","Android Men's Take Charge Short Sleeve Tee Purple",14,16,13,"0.1","0.3"
"GGOEGALP036315","Women's Long Sleeve Tee Lavender",15,18,13,"0.1","0.3"
"GGOEAAAJ032913","Android Men's Long & Lean Badge Tee Charcoal",24,27,13,"0.1","0.3"
"GGOEGAXL065930","Toddler Raglan Shirt Blue Heather/Navy",18,20,14,"0.1","0.3"
"GGOEYFKQ020699","Custom Decals",3786,4536,14,"0.1","0.3"
"GGOEAAWJ062548","Android Infant Short Sleeve Tee Pewter",2,2,14,"0.1","0.3"
"GGOEYAAB031814","Men's Short Sleeve Hero Tee Black",35,40,14,"0.1","0.3"
"GGOEYAQB073217","Women's Fleece Hoodie Black",1,1,14,"0.1","0.3"
"GGOEAAAP081217","Android Men's Take Charge Short Sleeve Tee Purple",6,7,15,"0.1","0.3"
"GGOEGAEJ028915","Women's Short Sleeve Hero Dark Grey",2,2,15,"0.1","0.3"
"GGOEAAAB034916","Android BTTF Moonshot Graphic Tee",11,13,15,"0.1","0.3"
"GGOEGAEJ031317","Tri-blend Hoodie Grey",3,3,15,"0.1","0.3"
"GGOEGAAL010614","Men's 100% Cotton Short Sleeve Hero Tee Navy",62,74,15,"0.1","0.3"
"GGOEYAEJ029515","Women's Short Sleeve Tri-blend Badge Tee Charcoal",94,111,16,"0.1","0.3"
"GGOEGAAH034013","Men's Vintage Badge Tee Sage",3,3,16,"0.1","0.3"
"GGOEYAAJ032513","Men's Short Sleeve Hero Tee Charcoal",20,23,18,"0.1","0.3"
"GGOEYAEJ029015","Women's Short Sleeve Hero Tee Charcoal",4,4,19,"0.1","0.3"
"GGOEYAAB031816","Men's Short Sleeve Hero Tee Black",18,20,19,"0.1","0.3"
"GGOEGAAX0327","Men's Long & Lean Tee Grey",3,5,6,"-0.1","0.3"
"GGOEGAAX0318","Men's Short Sleeve Hero Tee Black",151,275,6,"-0.1","0.3"
"GGOEGAAX0361","Android Women's Fleece Hoodie",16,21,13,"-0.1","0.3"
"GGOEGAAX0352","Android Men's Vintage Henley",21,37,15,"-0.1","0.3"
"GGOEGOAQ020099","Four Color Retractable Pen",2002,2450,22,"0.2","0.3"
"GGOENEBB078899","Cam Indoor Security Camera - USA",2139,2615,42,"0.2","0.3"
"GGOEGOAR013599","Ballpoint Stylus Pen",769,942,5,"0.2","0.3"
"GGOEGCBB074199","Car Clip Phone Holder",171,205,5,"0.2","0.3"
"GGOEGALQ034213","Women's Vintage Hero Tee White",78,94,6,"0.2","0.3"
"GGOEAAWT061749","Android Onesie Gold",7,8,6,"0.2","0.3"
"GGOEGADB057313","Men's Lightweight Microfleece Jacket Black",9,11,7,"0.2","0.3"
"GGOEGADJ057117","Men's Performance 1/4 Zip Pullover Heather/Black",2,2,10,"0.2","0.3"
"GGOEGAXL065928","Toddler Raglan Shirt Blue Heather/Navy",10,12,10,"0.2","0.3"
"GGOEGAEC029114","Women's Short Sleeve Hero Tee Sky Blue",7,8,11,"0.2","0.3"
"GGOEGAEB027815","Women's Short Sleeve Hero Tee Black",163,200,11,"0.2","0.3"
"GGOEAAXC066429","Android Toddler Short Sleeve T-shirt Aqua",81,99,12,"0.2","0.3"
"GGOEGAXC065255","Toddler Short Sleeve T-shirt Royal Blue",2,2,12,"0.2","0.3"
"GGOEGAEJ031315","Tri-blend Hoodie Grey",28,34,12,"0.2","0.3"
"GGOEGKAA019299","Switch Tone Color Crayon Pen",1163,388,12,"0.2","0.3"
"GGOEGAAJ032314","Men's Short Sleeve Hero Tee Charcoal",49,59,12,"0.2","0.3"
"GGOEAAAB081013","Android Men's Outerstellar Short Sleeve Tee Black",10,12,12,"0.2","0.3"
"GGOEGADJ057114","Men's Performance 1/4 Zip Pullover Heather/Black",16,19,12,"0.2","0.3"
"GGOEGAAQ057216","Men's Colorblock Tee White/Heather",2,2,13,"0.2","0.3"
"GGOEGAXC065230","Toddler Short Sleeve T-shirt Royal Blue",10,12,14,"0.2","0.3"
"GGOEGAPB058214","Women's Lightweight Microfleece Jacket",11,13,14,"0.2","0.3"
"GGOEGAPB058212","Women's Lightweight Microfleece Jacket",3,3,15,"0.2","0.3"
"GGOEGAXR066028","Toddler Sports T-shirt Red",5,6,16,"0.2","0.3"
"GGOEGAAJ080613","Men's Bike Short Sleeve Tee Charcoal",24,29,16,"0.2","0.3"
"GGOEGATB060614","Women's Convertible Vest-Jacket Black",31,37,17,"0.2","0.3"
"GGOEGADJ056818","Men's Watershed Full Zip Hoodie Grey",6,7,17,"0.2","0.3"
"GGOEAAEJ028214","Android Women's Short Sleeve Badge Tee Dark Heather",6,7,18,"0.2","0.3"
"GGOEGAQB036017","Women's Fleece Hoodie",1,1,19,"0.2","0.3"
"GGOEGAAX0569","Men's Performance Full Zip Jacket Black",33,54,12,"-0.4","0.3"
"GGOEGCMB020932","Suitcase Organizer Cubes",295,342,7,"0.8","0.3"
"GGOEGPJC019099","7"" Dog Frisbee",133,154,11,"0.8","0.3"
"GGOEGFKQ020399","Laptop and Cell Phone Stickers",1033,1516,3,"0.4","0.7"
"GGOEAXXX0810","Android Men's Outerstellar Short Sleeve Tee Black",2,3,6,"0","0.6"
"GGOEGAAX0595","Men's Microfiber 1/4 Zip Pullover Blue/Indigo",5,9,7,"-0.5","0.6"
"GGOEYHPB072210","Twill Cap",1429,1997,2,"0.3","0.6"
"GGOEWAAJ083513","Men's Typography Short Sleeve Tee",1,1,6,"0.3","0.6"
"GGOEGHPJ080310","Blackout Cap",299,415,6,"0.3","0.6"
"GGOEGAAX0664","Android Toddler Short Sleeve T-shirt Aqua",12,16,6,"0.3","0.6"
"GGOEGAEQ027916","Women's Short Sleeve Hero Tee White",14,19,6,"0.3","0.6"
"GGOEGAYQ069024","Youth Short Sleeve Tee White",4,5,6,"0.3","0.6"
"GGOEYAEA035116","Men's Vintage Henley",19,26,7,"0.3","0.6"
"GGOEGAAJ073415","Men's Short Sleeve Hero Tee Heather",10,13,7,"0.3","0.6"
"GGOEGAXC065229","Toddler Short Sleeve T-shirt Royal Blue",16,22,7,"0.3","0.6"
"GGOEGAAJ032317","Men's Short Sleeve Hero Tee Charcoal",18,25,8,"0.3","0.6"
"GGOEGADB059614","Men's Quilted Insulated Vest Black",20,27,8,"0.3","0.6"
"GGOEAAWN062649","Android Infant Short Sleeve Tee Pink",13,18,8,"0.3","0.6"
"GGOEGAWR061154","Onesie Red",27,37,8,"0.3","0.6"
"GGOEGAAB010517","Men's 100% Cotton Short Sleeve Hero Tee Black",36,50,8,"0.3","0.6"
"GGOEGALP036317","Women's Long Sleeve Tee Lavender",7,9,8,"0.3","0.6"
"GGOEGAER029714","Women's Short Sleeve Hero Tee Red Heather",29,40,9,"0.3","0.6"
"GGOEGAAJ057018","Men's Short Sleeve Performance Badge Tee Charcoal",4,5,9,"0.3","0.6"
"GGOEGADJ056814","Men's Watershed Full Zip Hoodie Grey",41,57,9,"0.3","0.6"
"GGOEGAUC057714","Women's Performance Golf Polo Blue",5,6,10,"0.3","0.6"
"GGOEYAEA035114","Men's Vintage Henley",46,65,11,"0.3","0.6"
"GGOEGAAQ033918","Men's Vintage Badge Tee White",12,16,11,"0.3","0.6"
"GGOEAAYJ068824","Android Youth Short Sleeve T-shirt Pewter",27,38,12,"0.3","0.6"
"GGOEGALB036513","Women's Scoop Neck Tee Black",66,91,12,"0.3","0.6"
"GGOEGAAC032117","Men's Short Sleeve Hero Tee Light Blue",2,2,12,"0.3","0.6"
"GGOEGAEA030414","Womens 3/4 Sleeve Baseball Raglan Heather/Black",23,32,13,"0.3","0.6"
"GGOEGAAJ057017","Men's Short Sleeve Performance Badge Tee Charcoal",7,9,13,"0.3","0.6"
"GGOEGAYB068056","Youth Baseball Raglan Heather/Black",2,2,13,"0.3","0.6"
"GGOEGDHJ082599","17 oz Double Wall Stainless Steel Insulated Bottle",456,633,14,"0.3","0.6"
"GGOEGAAX0662","Android Toddler Short Sleeve T-shirt Pewter",5,6,14,"0.3","0.6"
"GGOEAAAL081116","Android Men's Pep Rally Short Sleeve Tee Navy",14,19,14,"0.3","0.6"
"GGOEGAEJ028113","Women's Short Sleeve Badge Tee Grey",19,26,15,"0.3","0.6"
"GGOEGALQ034214","Women's Vintage Hero Tee White",90,125,16,"0.3","0.6"
"GGOEGALJ036413","Women's Tee Grey",9,12,16,"0.3","0.6"
"GGOEYAEA035115","Men's Vintage Henley",38,53,17,"0.3","0.6"
"GGOEAAWT061754","Android Onesie Gold",2,2,18,"0.3","0.6"
"GGOEGAEC033113","Men's Long Sleeve Raglan Ocean Blue",26,36,18,"0.3","0.6"
"GGOEAAAJ031913","Android Men's Short Sleeve Hero Tee Heather",49,68,19,"0.3","0.6"
"GGOEGAPJ058012","Women's 1/4 Zip Jacket Charcoal",9,12,19,"0.3","0.6"
"GGOEGAEB027814","Women's Short Sleeve Hero Tee Black",124,173,19,"0.3","0.6"
"GGOEGFSR022099","Kick Ball",15170,723,5,"0.6","0.6"
"GGOEGAAX0279","Women's Short Sleeve Hero Tee White",21,41,5,"0.1","0.6"
"GGOEGBPB082099","UpCycled Handlebar Bag",76,107,12,"0.1","0.6"
"GGOEGAAX0295","Women's Short Sleeve Tri-blend Badge Tee Charcoal",24,43,18,"0.1","0.6"
"GGOEGAAX0573","Men's Lightweight Microfleece Jacket Black",18,20,19,"0.1","0.6"
"GGOEGAAL010617","Men's 100% Cotton Short Sleeve Hero Tee Navy",5,7,5,"0.4","0.6"
"GGOEGAAB058918","Men's Short Sleeve Performance Badge Tee Black",2,2,6,"0.4","0.6"
"GGOEGAAX0685","Youth Short Sleeve T-shirt Yellow",27,38,7,"0.4","0.6"
"GGOEGALQ036617","Women's Scoop Neck Tee White",7,10,7,"0.4","0.6"
"GGOEGAEJ028914","Women's Short Sleeve Hero Dark Grey",5,7,9,"0.4","0.6"
"GGOEGALP036316","Women's Long Sleeve Tee Lavender",1,1,10,"0.4","0.6"
"GGOEGAXR065155","Toddler Short Sleeve Tee Red",2,2,10,"0.4","0.6"
"GGOEGARJ058413","Women's Yoga Pants",3,4,10,"0.4","0.6"
"GGOEYAAJ033014","Men's Long & Lean Tee Charcoal",29,42,11,"0.4","0.6"
"GGOEWALJ082713","Women's Short Sleeve Tee",3,4,12,"0.4","0.6"
"GGOEGAPB058614","Women's Yoga Jacket Black",6,8,12,"0.4","0.6"
"GGOEGAAX0661","Toddler Short Sleeve Tee Red",12,17,13,"0.4","0.6"
"GGOEGAEJ028917","Women's Short Sleeve Hero Dark Grey",4,5,13,"0.4","0.6"
"GGOEGAWQ062249","Infant Short Sleeve Tee White",22,31,14,"0.4","0.6"
"GGOEYAEB035615","Men's Vintage Tank",52,74,15,"0.4","0.6"
"GGOEGAEJ028916","Women's Short Sleeve Hero Dark Grey",2,2,17,"0.4","0.6"
"GGOEGAAX0657","Toddler 1/4 Zip Fleece Pewter",31,44,17,"0.4","0.6"
"GGOEGAFJ036216","Men's Pullover Hoodie Grey",12,17,18,"0.4","0.6"
"GGOEYAAJ032517","Men's Short Sleeve Hero Tee Charcoal",1,1,19,"0.4","0.6"
"GGOEGAAH034014","Men's Vintage Badge Tee Sage",193,277,19,"0.4","0.6"
"GGOEGAWR061153","Onesie Red",14,20,19,"0.4","0.6"
"GGOEGAAB010515","Men's 100% Cotton Short Sleeve Hero Tee Black",134,193,19,"0.4","0.6"
"GGOEGAAX0213","Yoga Mat",29,54,5,"0","1.2"
"GGOEGOAQ018099","Pen Pencil & Highlighter Set",1067,1939,5,"0.7","1.2"
"GGOEGAAX0686","Youth Short Sleeve Tee Red",22,40,6,"0.7","1.2"
"GGOEGADB057316","Men's Lightweight Microfleece Jacket Black",5,9,6,"0.7","1.2"
"GGOEAAEJ035716","Android Men's Vintage Tank",5,9,6,"0.7","1.2"
"GGOEYAAB031813","Men's Short Sleeve Hero Tee Black",15,27,6,"0.7","1.2"
"GGOEGADB056916","Men's Performance Full Zip Jacket Black",15,27,6,"0.7","1.2"
"GGOEAAAJ031914","Android Men's Short Sleeve Hero Tee Heather",69,126,8,"0.7","1.2"
"GGOEGFKA022299","Keyboard DOT Sticker",480,189,9,"0.7","1.2"
"GGOEAAWT061748","Android Onesie Gold",19,34,9,"0.7","1.2"
"GGOEGFYQ016599","Foam Can and Bottle Cooler",2442,4495,10,"0.7","1.2"
"GGOEGAAJ080617","Men's Bike Short Sleeve Tee Charcoal",19,34,11,"0.7","1.2"
"GGOEGADJ059815","Men's Convertible Vest-Jacket Pewter",1,1,11,"0.7","1.2"
"GGOEGAEJ035316","Vintage Henley Grey/Black",13,23,11,"0.7","1.2"
"GGOEAFKQ020499","8 pc Android Sticker Sheet",336,613,12,"0.7","1.2"
"GGOEGAAC035014","Men's Bayside Graphic Tee",5,9,14,"0.7","1.2"
"GGOEGAAX0689","Youth Girl Hoodie",4,7,15,"0.7","1.2"
"GGOEGAER029713","Women's Short Sleeve Hero Tee Red Heather",14,25,17,"0.7","1.2"
"GGOEGAAQ033913","Men's Vintage Badge Tee White",41,74,18,"0.7","1.2"
"GGOEGALP034317","Women's Vintage Hero Tee Lavender",5,9,19,"0.7","1.2"
"GGOEGALJ034415","Women's Vintage Hero Tee Platinum",36,65,19,"0.7","1.2"
"GGOEGBMC056599","Waterproof Gear Bag",140,261,15,"-0.1","1.2"
"GGOEAHPA004110","Android Wool Heather Cap Heather/Black",168,305,9,"0.2","1.2"
"GGOEGBPB081999","UpCycled Bike Saddle Bag",42,79,12,"0.2","1.2"
"GGOEGPXC023299","Collapsible Pet Bowl",27,50,6,"0.4","1.2"
"GGOEGAAX0306","Women's Recycled Fabric Tee",11,16,10,"0.4","1.2"
"GGOEGAAX0353","Vintage Henley Grey/Black",57,95,10,"0.4","1.2"
"GGOEGAAX0321","Men's Short Sleeve Hero Tee Light Blue",2,3,10,"0.4","1.2"
"GGOEWXXX0828","Men's Short Sleeve Tee",1,1,14,"0.4","1.2"
"GGOEGAAX0309","Android Women's Long Sleeve Blended Cardigan Grey",18,28,18,"0.4","1.2"
"GGOEGAAX0282","Android Women's Short Sleeve Badge Tee Dark Heather",17,19,15,"-0.4","1.2"
"GGOEGAAX0168","Pet Feeding Mat",45,83,18,"-0.4","1.2"
"GGOEGAEJ028913","Women's Short Sleeve Hero Dark Grey",3,5,5,"0.8","1.2"
"GGOEGHPJ080110","5-Panel Cap",47,87,5,"0.8","1.2"
"GGOEGAAB033813","Men's Vintage Badge Tee Black",72,135,5,"0.8","1.2"
"GGOEAAAJ080814","Android Men's Engineer Short Sleeve Tee Charcoal",12,22,6,"0.8","1.2"
"GGOEGAFJ036214","Men's Pullover Hoodie Grey",13,24,8,"0.8","1.2"
"GGOEGALL074615","Women's Short Sleeve Badge Tee Navy",14,25,9,"0.8","1.2"
"GGOENEBQ081699","Protect Smoke + CO White Battery Alarm - CA",14,25,9,"0.8","1.2"
"GGOEGALP034315","Women's Vintage Hero Tee Lavender",14,26,10,"0.8","1.2"
"GGOEGALJ057913","Women's Short Sleeve Performance Tee Charcoal",6,11,10,"0.8","1.2"
"GGOEGAEJ030813","Women's Long Sleeve Blended Cardigan Charcoal",23,42,10,"0.8","1.2"
"GGOEGAAQ033916","Men's Vintage Badge Tee White",85,156,11,"0.8","1.2"
"GGOEAAFB035917","Android Men's  Zip Hoodie",4,7,11,"0.8","1.2"
"GGOEGOLC013299","Spiral Notebook and Pen Set",3582,6708,11,"0.8","1.2"
"GGOEGAYH067925","Youth Girl Tee Green",3,5,11,"0.8","1.2"
"GGOEGALP034313","Women's Vintage Hero Tee Lavender",17,31,11,"0.8","1.2"
"GGOEGALJ073314","Women's Short Sleeve Hero Tee Heather",5,9,12,"0.8","1.2"
"GGOEGBPB021199","Slim Utility Travel Bag",276,516,12,"0.8","1.2"
"GGOEGAAH034017","Men's Vintage Badge Tee Sage",40,74,14,"0.8","1.2"
"GGOEGAER035513","Men's Vintage Tank",4,7,14,"0.8","1.2"
"GGOEAAAB081014","Android Men's Outerstellar Short Sleeve Tee Black",13,24,15,"0.8","1.2"
"GGOEGAAJ032816","Men's Long & Lean Tee Charcoal",165,309,16,"0.8","1.2"
"GGOEGAPB058617","Women's Yoga Jacket Black",3,5,16,"0.8","1.2"
"GGOEGADJ056815","Men's Watershed Full Zip Hoodie Grey",57,105,17,"0.8","1.2"
"GGOEYAAJ033016","Men's Long & Lean Tee Charcoal",12,22,17,"0.8","1.2"
"GGOEGADC059313","Men's Airflow 1/4 Zip Pullover Lapis",1,1,17,"0.8","1.2"
"GGOEAAEJ033417","Android Men's Long Sleeve Badge Crew Tee Heather",5,9,19,"0.8","1.2"
"GGOEGAYT068524","Youth Short Sleeve T-shirt Yellow",25,46,19,"0.8","1.2"
"GGOEGAAX0591","Men's Short Sleeve Performance Badge Tee Pewter",27,29,15,"0.6","1.7"
"GGOEGHPB080410","5-Panel Snapback Cap",151,219,8,"0.3","0.7"
"GGOEGAAX0733","Women's Short Sleeve Hero Tee Heather",1,1,7,"0.1","0.7"
"GGOEGAAX0317","Men's Short Sleeve Hero Tee White",50,86,10,"0.1","0.7"
"GGOEGAAX0284","Women's  Short Sleeve Hero Tee Black",22,23,11,"0.1","0.7"
"GGOEGAAX0341","Women's Vintage Hero Tee Black",188,332,19,"0.1","0.7"
"GGOEGAAX0280","Women's Short Sleeve Hero Tee Grey",30,52,19,"0.1","0.7"
"GGOEGETR014599","Tube Power Bank",218,72,8,"-0.2","0.7"
"GGOEAAAH083316","Android Men's Paradise Short Sleeve Tee Olive",8,11,5,"0.4","0.7"
"GGOEAAAJ032917","Android Men's Long & Lean Badge Tee Charcoal",20,30,5,"0.4","0.7"
"GGOEGAYR068224","Youth Short Sleeve Tee Red",9,13,5,"0.4","0.7"
"GGOEGAWC061949","Infant Short Sleeve Tee Royal Blue",2,2,5,"0.4","0.7"
"GGOEGALQ034217","Women's Vintage Hero Tee White",13,19,6,"0.4","0.7"
"GGOEGAYQ069056","Youth Short Sleeve Tee White",10,14,6,"0.4","0.7"
"GGOEGAAJ032613","Men's Short Sleeve Badge Tee Charcoal",32,46,7,"0.4","0.7"
"GGOEGADB056618","Men's Weatherblock Shell Jacket Black",2,2,7,"0.4","0.7"
"GGOEAAAB081016","Android Men's Outerstellar Short Sleeve Tee Black",2,2,8,"0.4","0.7"
"GGOEGAWQ062953","Baby Essentials Set",231,346,8,"0.4","0.7"
"GGOEGAAX0781","Leather Journal",119,181,8,"0.4","0.7"
"GGOEGDHR018499","22 oz Water Bottle",975,1482,9,"0.4","0.7"
"GGOEGADC059314","Men's Airflow 1/4 Zip Pullover Lapis",3,4,9,"0.4","0.7"
"GGOEGGOA017399","Maze Pen",1748,324,9,"0.4","0.7"
"GGOEGAAQ010415","Men's 100% Cotton Short Sleeve Hero Tee White",221,335,9,"0.4","0.7"
"GGOEGALQ034216","Women's Vintage Hero Tee White",12,17,9,"0.4","0.7"
"GGOEGAPJ058016","Women's 1/4 Zip Jacket Charcoal",3,4,10,"0.4","0.7"
"GGOEYAEB035616","Men's Vintage Tank",5,7,10,"0.4","0.7"
"GGOEGAWC062850","Infant Zip Hood Royal Blue",21,30,10,"0.4","0.7"
"GGOEAAAJ032916","Android Men's Long & Lean Badge Tee Charcoal",28,42,11,"0.4","0.7"
"GGOEYAQB073216","Women's Fleece Hoodie Black",9,13,11,"0.4","0.7"
"GGOEGADB056917","Men's Performance Full Zip Jacket Black",7,10,11,"0.4","0.7"
"GGOEGATB060414","Women's Quilted Insulated Vest Black",2,2,11,"0.4","0.7"
"GGOEGOAQ012899","Ballpoint LED Light Pen",1415,2098,11,"0.4","0.7"
"GGOEYAAJ032514","Men's Short Sleeve Hero Tee Charcoal",28,41,12,"0.4","0.7"
"GGOEGAXL065955","Toddler Raglan Shirt Blue Heather/Navy",6,9,12,"0.4","0.7"
"GGOEAAXC066455","Android Toddler Short Sleeve T-shirt Aqua",18,26,13,"0.4","0.7"
"GGOEYAYR068625","Youth Short Sleeve Tee Red",18,26,13,"0.4","0.7"
"GGOEGAUC057713","Women's Performance Golf Polo Blue",3,4,13,"0.4","0.7"
"GGOEGALP036313","Women's Long Sleeve Tee Lavender",20,29,14,"0.4","0.7"
"GGOEAAEJ033413","Android Men's Long Sleeve Badge Crew Tee Heather",29,43,14,"0.4","0.7"
"GGOEGBRB079599","25L Classic Rucksack",28,40,15,"0.4","0.7"
"GGOEAOBH078799","Android Luggage Tag",22,32,15,"0.4","0.7"
"GGOEGAXC065228","Toddler Short Sleeve T-shirt Royal Blue",14,20,15,"0.4","0.7"
"GGOEGAAX0625","Android Infant Short Sleeve Tee Pewter",16,23,16,"0.4","0.7"
"GGOEGAXJ065730","Toddler 1/4 Zip Fleece Pewter",2,3,16,"0.4","0.7"
"GGOEGAER029717","Women's Short Sleeve Hero Tee Red Heather",5,7,16,"0.4","0.7"
"GGOEYAEJ029615","Women's Short Sleeve Tri-blend Badge Tee Grey",1,1,16,"0.4","0.7"
"GGOEYAYR068656","Youth Short Sleeve Tee Red",10,15,17,"0.4","0.7"
"GGOEGAEC029115","Women's Short Sleeve Hero Tee Sky Blue",11,16,18,"0.4","0.7"
"GGOEAAEJ030915","Android Women's Long Sleeve Blended Cardigan Grey",6,8,18,"0.4","0.7"
"GGOEYAYR068624","Youth Short Sleeve Tee Red",26,38,18,"0.4","0.7"
"GGOEGALJ036414","Women's Tee Grey",16,23,19,"0.4","0.7"
"GGOEGAYQ068924","Youth Girl Hoodie",4,5,19,"0.4","0.7"
"GGOEGCBN016899","Pet Feeding Mat",48,69,7,"0.8","0.7"
"GGOEGAAX0593","Men's Airflow 1/4 Zip Pullover Lapis",16,23,8,"0","1.4"
"GGOEGAAX0291","Women's Short Sleeve Hero Tee Sky Blue",27,44,9,"0.5","1.4"
"GGOEGAAX0304","Women's 3/4 Sleeve Baseball Raglan Heather/Black",19,26,9,"0.5","1.4"
"GGOEGAAX0570","Men's Short Sleeve Performance Badge Tee Charcoal",31,57,14,"0.5","1.4"
"GGOEGAAX0313","Tri-blend Hoodie Grey",59,101,15,"0.5","1.4"
"GGOEGAAX0290","Women's Short Sleeve Hero Tee Charcoal",45,54,16,"0.5","1.4"
"GGOEGAAX0323","Men's Short Sleeve Hero Tee Charcoal",11,20,19,"0.5","1.4"
"GGOEGAAX0582","Women's Lightweight Microfleece Jacket",3,3,19,"0.5","1.4"
"GGOEGAAX0351","Men's Vintage Henley",79,133,9,"-0.5","1.4"
"GGOEGEHQ024099","Clip-on Compact Charger",745,1468,11,"-0.3","1.4"
"GGOEGAAX0590","Men's Short Sleeve Performance Badge Tee Navy",15,21,9,"0.1","1.4"
"GGOEGESC014099","Rocket Flashlight",123,242,11,"0.2","1.4"
"GGOEGOAR013099","Stylus Pen w/ LED Light",1100,2164,39,"0.9","1.4"
"GGOEGOAB021499","Metal Texture Roller Pen",390,775,3,"0.9","1.4"
"GGOEGADJ056816","Men's Watershed Full Zip Hoodie Grey",13,25,5,"0.9","1.4"
"GGOEWFKA083299","Mood Ninja Window Decal",48,94,6,"0.9","1.4"
"GGOEGAQB036016","Women's Fleece Hoodie",6,11,6,"0.9","1.4"
"GGOEYAWJ061448","Onesie Heather",19,37,7,"0.9","1.4"
"GGOEGAXR065128","Toddler Short Sleeve Tee Red",14,27,8,"0.9","1.4"
"GGOEGALJ036417","Women's Tee Grey",7,13,8,"0.9","1.4"
"GGOEGAAX0350","Men's Bayside Graphic Tee",17,33,8,"0.9","1.4"
"GGOEGAAX0627","Infant Zip Hood Pink",18,35,8,"0.9","1.4"
"GGOEGALJ034416","Women's Vintage Hero Tee Platinum",7,13,9,"0.9","1.4"
"GGOEGAPB057816","Women's Performance Full Zip Jacket Black",6,11,10,"0.9","1.4"
"GGOEGAAJ073414","Men's Short Sleeve Hero Tee Heather",15,29,11,"0.9","1.4"
"GGOEGAAX0619","Infant Short Sleeve Tee Royal Blue",17,33,11,"0.9","1.4"
"GGOEGADJ059713","Men's Quilted Insulated Vest Battleship Grey",14,27,12,"0.9","1.4"
"GGOEGAEJ030815","Women's Long Sleeve Blended Cardigan Charcoal",13,25,13,"0.9","1.4"
"GGOEGAAC032116","Men's Short Sleeve Hero Tee Light Blue",3,5,13,"0.9","1.4"
"GGOEGOCR017899","Recycled Paper Journal Set",2524,4975,13,"0.9","1.4"
"GGOEGAPB057813","Women's Performance Full Zip Jacket Black",17,33,14,"0.9","1.4"
"GGOEGAYL068125","Youth Sports Tee Navy",19,37,14,"0.9","1.4"
"GGOEGALJ034413","Women's Vintage Hero Tee Platinum",48,94,15,"0.9","1.4"
"GGOEAAWT061753","Android Onesie Gold",15,29,15,"0.9","1.4"
"GGOEGAAQ010414","Men's 100% Cotton Short Sleeve Hero Tee White",94,186,16,"0.9","1.4"
"GGOEGAEJ031313","Tri-blend Hoodie Grey",32,62,16,"0.9","1.4"
"GGOEGAAB058913","Men's Short Sleeve Performance Badge Tee Black",2,3,17,"0.9","1.4"
"GGOEGAEJ031314","Tri-blend Hoodie Grey",23,45,17,"0.9","1.4"
"GGOEGAYB068024","Youth Baseball Raglan Heather/Black",11,21,18,"0.9","1.4"
"GGOEGAAQ033914","Men's Vintage Badge Tee White",121,237,18,"0.9","1.4"
"GGOEYAAJ032515","Men's Short Sleeve Hero Tee Charcoal",17,33,18,"0.9","1.4"
"GGOEGAAX0348","Android BTTF Cosmos Graphic Tee",3,4,15,"0.7","1.9"
"GGOEAXXX0809","Android Lifted Men's Short Sleeve Tee Blue",11,14,17,"0.7","1.9"
"GGOEGAAX0331","Men's Long Sleeve Raglan Ocean Blue",8,10,17,"0.1","1.9"
"GGOEGAAX0299","Women's V-Neck Tee Charcoal",51,77,8,"0.8","1.9"
"GGOEGAAX0343","Women's Vintage Hero Tee Lavender",33,65,17,"0.8","1.9"
"GGOEGAAX0566","Men's Weatherblock Shell Jacket Black",4,5,17,"0.8","1.9"
"GGOEYOCR077399","RFID Journal",935,433,3,"0","0.1"
"GGOEGOLC014299","Metallic Notebook Set",2718,610,5,"0","0.1"
"GGOEGAAJ057016","Men's Short Sleeve Performance Badge Tee Charcoal",29,30,5,"0","0.1"
"GGOEGBRJ037399","Rucksack",212,228,5,"0","0.1"
"GGOEYAAQ031715","Men's Short Sleeve Hero Tee White",37,39,7,"0","0.1"
"GGOEGAPB058217","Women's Lightweight Microfleece Jacket",3,3,7,"0","0.1"
"GGOEWFKA083199","Mood Original Window Decal",63,66,8,"0","0.1"
"GGOEGAYR068225","Youth Short Sleeve Tee Red",1,1,9,"0","0.1"
"GGOEGADB056615","Men's Weatherblock Shell Jacket Black",12,12,10,"0","0.1"
"GGOEGALJ072913","Women's Performance Hero Tee Gunmetal",1,1,10,"0","0.1"
"GGOEGAAQ033915","Men's Vintage Badge Tee White",111,120,10,"0","0.1"
"GGOEYAAB031815","Men's Short Sleeve Hero Tee Black",36,39,10,"0","0.1"
"GGOEGBRA037499","Waterproof Backpack",215,230,10,"0","0.1"
"GGOEGAPJ058014","Women's 1/4 Zip Jacket Charcoal",17,18,10,"0","0.1"
"GGOEGAAX0614","Onesie Heather",25,26,11,"0","0.1"
"GGOEAAEB028314","Android Women's Short Sleeve Hero Tee Black",1,1,11,"0","0.1"
"GGOEWAAJ082817","Men's Short Sleeve Tee",2,2,11,"0","0.1"
"GGOEGALL074616","Women's Short Sleeve Badge Tee Navy",14,15,12,"0","0.1"
"GGOEGAWR061849","Infant Short Sleeve Tee Red",1,1,13,"0","0.1"
"GGOEGATJ060515","Women's Quilted Insulated Vest White",2,2,13,"0","0.1"
"GGOEGAAL010615","Men's 100% Cotton Short Sleeve Hero Tee Navy",63,66,14,"0","0.1"
"GGOEGAAR010715","Men's 100% Cotton Short Sleeve Hero Tee Red",139,146,14,"0","0.1"
"GGOEGALQ036616","Women's Scoop Neck Tee White",26,27,14,"0","0.1"
"GGOEGAWH061353","Onesie Green",27,29,15,"0","0.1"
"GGOEAXXX0811","Android Men's Pep Rally Short Sleeve Tee Navy",1,1,16,"0","0.1"
"GGOEAAAJ031916","Android Men's Short Sleeve Hero Tee Heather",79,84,16,"0","0.1"
"GGOEGAAJ080614","Men's Bike Short Sleeve Tee Charcoal",50,53,16,"0","0.1"
"GGOEGAXR065130","Toddler Short Sleeve Tee Red",12,12,17,"0","0.1"
"GGOEGADB059213","Men's Airflow 1/4 Zip Pullover Black",2,2,18,"0","0.1"
"GGOENEBQ081599","Cam Outdoor Security Camera - CA",37,40,18,"0","0.1"
"GGOEGAPB057516","Women's Weatherblock Shell Jacket Black",4,4,18,"0","0.1"
"GGOEGAYH067924","Youth Girl Tee Green",9,9,19,"0","0.1"
"9183234","Learning Thermostat 3rd Gen-USA - Stainless Steel",0,0,8,"0.2","0.5"
"GGOEGALQ036614","Women's Scoop Neck Tee White",49,52,19,"0","0.1"
"GGOEGAAX0364","Women's Tee Grey",26,40,13,"-0.3","0.1"
"GGOEGFAQ016699","Bottle Opener Clip",362,381,10,"0.6","0.1"
"GGOEGAAX0340","Men's Vintage Badge Tee Sage",254,442,9,"-0.2","0.1"
"GGOEGAAX0308","Women's Long Sleeve Blended Cardigan Charcoal",20,37,18,"-0.2","0.1"
"GGOEGBJL013999","Canvas Tote Natural/Navy",551,602,3,"0","0.2"
"GGOEAAXJ066255","Android Toddler Short Sleeve T-shirt Pewter",16,17,5,"0","0.2"
"GGOEYAEJ029514","Women's Short Sleeve Tri-blend Badge Tee Charcoal",81,88,5,"0","0.2"
"GGOEGAAX0679","Youth Girl Tee Green",14,15,6,"0","0.2"
"9182859","Toddler Raglan Shirt Blue Heather/Navy",0,0,11,"0.2","0.5"
"GGOEGAEJ030814","Women's Long Sleeve Blended Cardigan Charcoal",34,37,8,"0","0.2"
"GGOEGAFJ036217","Men's Pullover Hoodie Grey",2,2,9,"0","0.2"
"9182863","Toddler Sports T-shirt Red",0,0,5,"0.6","1"
"GGOENEBQ079199","Protect Smoke + CO White Wired Alarm-USA",1244,1361,13,"0","0.2"
"9180811","Plastic Sliding Flashlight",0,0,5,"0.6","1"
"9182750","Men's Performance 1/4 Zip Pullover Heather/Black",0,0,6,"0.6","1"
"GGOEWAAJ082814","Men's Short Sleeve Tee",6,6,16,"0","0.2"
"GGOEGAWR061049","Onesie Red/Graphite",10,10,16,"0","0.2"
"GGOEGATJ060513","Women's Quilted Insulated Vest White",17,18,16,"0","0.2"
"GGOEGAAX0690","Youth Short Sleeve Tee White",29,31,19,"0","0.2"
"GGOEGAAX0660","Toddler Sports T-shirt Red",10,10,19,"0","0.2"
"GGOEGALL074614","Women's Short Sleeve Badge Tee Navy",29,31,19,"0","0.2"
"GGOEGCBC016999","Pet Feeding Mat",105,115,19,"0.5","0.2"
"GGOEGFQB013799","Compact Selfie Stick",268,297,7,"0.3","0.2"
"GGOEGEVR014999","Water Resistant Bluetooth Speaker",183,205,6,"0.6","0.2"
"GGOEGAAX0098","7"" Dog Frisbee",197,376,5,"-0.6","0.2"
"GGOEGCBQ016499","SPF-15 Slim & Slender Lip Balm",3682,4069,31,"0.7","0.2"
"GGOEGEHQ072499","2200mAh Micro Charger",34,38,11,"0.7","0.2"
"GGOEYOLR018699","Leatherette Notebook Combo",1148,1276,2,"0.1","0.2"
"GGOEGAAL059013","Men's Short Sleeve Performance Badge Tee Navy",18,19,5,"0.1","0.2"
"GGOEGAWR061148","Onesie Red",2,2,5,"0.1","0.2"
"GGOEAAEJ028213","Android Women's Short Sleeve Badge Tee Dark Heather",6,6,5,"0.1","0.2"
"GGOEGAAL010616","Men's 100% Cotton Short Sleeve Hero Tee Navy",44,50,5,"0.1","0.2"
"GGOEAAYC068724","Android Youth Short Sleeve T-shirt Aqua",25,28,6,"0.1","0.2"
"GGOEYAEJ029516","Women's Short Sleeve Tri-blend Badge Tee Charcoal",20,22,6,"0.1","0.2"
"GGOEGAPC058812","Women's Shell Jacket Blue/Black",7,7,6,"0.1","0.2"
"9183205","Zipper-front Sports Bag",0,0,7,"0.6","1"
"GGOEAAAJ032413","Android Men's Short Sleeve Tri-blend Hero Tee Grey",11,12,6,"0.1","0.2"
"GGOEGAYH067926","Youth Girl Tee Green",20,22,7,"0.1","0.2"
"GGOEAAXC066430","Android Toddler Short Sleeve T-shirt Aqua",63,72,7,"0.1","0.2"
"GGOEGAAB010513","Men's 100% Cotton Short Sleeve Hero Tee Black",32,35,7,"0.1","0.2"
"GGOEADWQ015699","Android Rise 14 oz Mug",306,342,7,"0.1","0.2"
"GGOEGAYQ069025","Youth Short Sleeve Tee White",10,11,7,"0.1","0.2"
"9180813","Tube Power Bank",0,0,11,"0.6","1"
"GGOEGAXR066055","Toddler Sports T-shirt Red",5,5,8,"0.1","0.2"
"GGOEGAWR061150","Onesie Red",20,22,9,"0.1","0.2"
"GGOEGOCR078499","Spiral Leather Journal",401,449,9,"0.1","0.2"
"GGOEAAEB028316","Android Women's Short Sleeve Hero Tee Black",2,2,9,"0.1","0.2"
"GGOEGAEJ035314","Vintage Henley Grey/Black",19,21,9,"0.1","0.2"
"GGOEAAEJ035713","Android Men's Vintage Tank",13,15,10,"0.1","0.2"
"9182778","Women's Softshell Jacket Black/Grey",0,0,13,"0.6","1"
"GGOEGAAX0628","Infant Zip Hood Royal Blue",26,29,10,"0.1","0.2"
"GGOEWAAJ082813","Men's Short Sleeve Tee",2,2,11,"0.1","0.2"
"GGOEGAPB058213","Women's Lightweight Microfleece Jacket",15,16,11,"0.1","0.2"
"9184683","Women's Short Sleeve Tee",0,0,13,"0.6","1"
"9182774","Women's Yoga Pants",0,0,15,"0.6","1"
"GGOEGATH060717","Women's Convertible Vest-Jacket Sea Foam Green",1,1,12,"0.1","0.2"
"GGOEGAEJ028114","Women's Short Sleeve Badge Tee Grey",19,21,12,"0.1","0.2"
"GGOEYAFB073116","Men's Fleece Hoodie Black",20,22,12,"0.1","0.2"
"GGOEGAAB058916","Men's Short Sleeve Performance Badge Tee Black",10,11,12,"0.1","0.2"
"GGOEGOBC078699","Luggage Tag",629,713,13,"0.1","0.2"
"GGOEGALB036515","Women's Scoop Neck Tee Black",55,62,13,"0.1","0.2"
"GGOEGAWH061349","Onesie Green",19,21,13,"0.1","0.2"
"GGOEGAER029715","Women's Short Sleeve Hero Tee Red Heather",13,14,13,"0.1","0.2"
"GGOEGGCX056499","Gift Card - $50.00",9,9,14,"0.1","0.2"
"GGOEGACB023699","Yoga Block",69,78,14,"0.1","0.2"
"GGOEAAAB034814","Android BTTF Cosmos Graphic Tee",6,6,14,"0.1","0.2"
"GGOEGAXJ065755","Toddler 1/4 Zip Fleece Pewter",26,29,14,"0.1","0.2"
"GGOEGAWN062750","Infant Zip Hood Pink",86,97,15,"0.1","0.2"
"GGOEGAXQ067155","Toddler Short Sleeve Tee White",8,9,15,"0.1","0.2"
"GGOEGADC059516","Men's Microfiber 1/4 Zip Pullover Blue/Indigo",1,1,15,"0.1","0.2"
"GGOEGAPC058814","Women's Shell Jacket Blue/Black",4,4,16,"0.1","0.2"
"GGOEGALJ072915","Women's Performance Hero Tee Gunmetal",6,6,16,"0.1","0.2"
"GGOEGBRB013899","Laptop Backpack",155,178,16,"0.1","0.2"
"GGOEGALJ036415","Women's Tee Grey",21,23,17,"0.1","0.2"
"GGOEGAEJ030817","Women's Long Sleeve Blended Cardigan Charcoal",8,9,17,"0.1","0.2"
"9183220","Leather Journal-Brown",0,0,16,"0.6","1"
"9182780","Women's Shell Jacket Blue/Black",0,0,16,"0.6","1"
"GGOEGATB060416","Women's Quilted Insulated Vest Black",1,1,18,"0.1","0.2"
"GGOEGAAX0681","Youth Sports Tee Navy",29,33,18,"0.1","0.2"
"GGOEGAXJ065728","Toddler 1/4 Zip Fleece Pewter",27,30,18,"0.1","0.2"
"9182179","Android Women's Short Sleeve Badge Tee Dark Heather",0,0,7,"0.7","1"
"GGOEAAXN066328","Android Toddler Short Sleeve T-shirt Pink",20,22,19,"0.1","0.2"
"GGOEAAEH035215","Android Men's Vintage Henley",25,27,19,"0.1","0.2"
"GGOEYAEJ029613","Women's Short Sleeve Tri-blend Badge Tee Grey",7,8,19,"0.1","0.2"
"GGOEGAAX0355","Men's Vintage Tank",18,31,17,"-0.1","0.2"
"GGOEGAAX0330","Men's Long & Lean Tee Charcoal",38,43,12,"-0.2","0.2"
"GGOEAXXX0812","Android Men's Take Charge Short Sleeve Tee Purple",12,19,15,"-0.2","0.2"
"GGOEGEHQ071199","High Capacity 10,400mAh Charger",73,84,17,"-0.2","0.2"
"GGOEGAAX0105","Men's 100% Cotton Short Sleeve Hero Tee Black",62,105,19,"-0.2","0.2"
"GGOEGHGR019499","Sunglasses",1046,1195,5,"0.4","0.2"
"GGOEGEVB071799","Pocket Bluetooth Speaker",214,246,2,"0.9","0.2"
"GGOEGAAX0589","Men's Short Sleeve Performance Badge Tee Black",9,15,7,"0","0.4"
"GGOEAXXX0808","Android Men's Engineer Short Sleeve Tee Charcoal",37,55,11,"0","0.4"
"GGOEGAAX0571","Men's Performance 1/4 Zip Pullover Heather/Black",17,26,17,"0","0.4"
"9182997","17oz Stainless Steel Sport Bottle",0,0,18,"0.7","1"
"GGOEGPXR023199","Collapsible Pet Bowl",12,15,9,"0.3","0.4"
"GGOEGAAX0568","Men's Watershed Full Zip Hoodie Grey",54,75,17,"-0.3","0.4"
"GGOEAFKQ020599","Android Sticker Sheet Ultra Removable",363,449,13,"0.6","0.4"
"GGOEGEVA022399","Micro Wireless Earbud",185,234,16,"0.6","0.4"
"9180770","Yoga Mat Blue",0,0,6,"0.1","0.3"
"GGOEGAAX0358","Men's  Zip Hoodie",178,235,16,"-0.1","0.4"
"GGOEGAAX0603","Women's 1/4 Zip Performance Pullover Two-Tone Blue",10,15,19,"-0.1","0.4"
"GGOEADHH055999","22 oz Android Bottle",597,738,4,"0.2","0.4"
"GGOEGOXQ016399","Badge Holder",916,1186,2,"0.2","0.4"
"9184681","17 oz Double Wall Stainless Steel Insulated Bottle",0,0,8,"0.1","0.3"
"GGOEGAEJ029915","Women's V-Neck Tee Charcoal",3,3,5,"0.2","0.4"
"GGOEAAAB034914","Android BTTF Moonshot Graphic Tee",10,12,5,"0.2","0.4"
"GGOEGAAQ010416","Men's 100% Cotton Short Sleeve Hero Tee White",9,11,5,"0.2","0.4"
"GGOEGALJ073317","Women's Short Sleeve Hero Tee Heather",1,1,5,"0.2","0.4"
"GGOEGALJ073313","Women's Short Sleeve Hero Tee Heather",1,1,5,"0.2","0.4"
"GGOEGAPB058615","Women's Yoga Jacket Black",5,6,6,"0.2","0.4"
"9183086","Youth Girl Tee Green",0,0,11,"0.1","0.3"
"GGOEGAEB084514","BLM Sweatshirt",1,1,6,"0.2","0.4"
"GGOEGALJ034414","Women's Vintage Hero Tee Platinum",34,42,6,"0.2","0.4"
"9181573","Snapback Hat Black",0,0,12,"0.1","0.3"
"GGOEGAAQ010413","Men's 100% Cotton Short Sleeve Hero Tee White",133,167,7,"0.2","0.4"
"9180757","Yoga Block",0,0,13,"0.1","0.3"
"GGOEGATH060716","Women's Convertible Vest-Jacket Sea Foam Green",9,11,8,"0.2","0.4"
"GGOEGALB034114","Women's Vintage Hero Tee Black",121,155,8,"0.2","0.4"
"GGOEGAYC068326","Youth Short Sleeve T-shirt Royal Blue",11,14,9,"0.2","0.4"
"9182812","Infant Zip Hood Pink",0,0,14,"0.1","0.3"
"GGOEAAXN066329","Android Toddler Short Sleeve T-shirt Pink",54,70,11,"0.2","0.4"
"9181019","Tri-blend Hoodie Grey",0,0,19,"0.1","0.3"
"GGOEGATC060316","Women's 1/4 Zip Performance Pullover Two-Tone Blue",1,1,11,"0.2","0.4"
"GGOEYAFB073113","Men's Fleece Hoodie Black",79,99,11,"0.2","0.4"
"GGOEGAAR010716","Men's 100% Cotton Short Sleeve Hero Tee Red",70,90,12,"0.2","0.4"
"GGOEAAAJ032915","Android Men's Long & Lean Badge Tee Charcoal",69,88,12,"0.2","0.4"
"GGOEAAEJ030916","Android Women's Long Sleeve Blended Cardigan Grey",8,10,12,"0.2","0.4"
"GGOEGAAX0314","Men's 3/4 Sleeve Henley",0,0,11,"0.2","0.3"
"GGOEGADJ059717","Men's Quilted Insulated Vest Battleship Grey",3,3,12,"0.2","0.4"
"GGOEGADB056616","Men's Weatherblock Shell Jacket Black",13,16,13,"0.2","0.4"
"GGOEGALB034117","Women's Vintage Hero Tee Black",59,74,13,"0.2","0.4"
"GGOEGAAB033817","Men's Vintage Badge Tee Black",93,119,14,"0.2","0.4"
"GGOEGALP036314","Women's Long Sleeve Tee Lavender",13,16,14,"0.2","0.4"
"9180764","Canvas Tote Natural/Navy",0,0,12,"0.2","0.3"
"GGOEGAER035516","Men's Vintage Tank",5,6,14,"0.2","0.4"
"GGOENEBJ081899","Learning Thermostat 3rd Gen - CA - Stainless Steel",54,69,14,"0.2","0.4"
"9182739","Men's Watershed Full Zip Hoodie Grey",0,0,14,"0.2","0.3"
"9182793","Men's Long & Lean Tee Charcoal",0,0,16,"0.2","0.3"
"GGOEGAYB068025","Youth Baseball Raglan Heather/Black",6,7,14,"0.2","0.4"
"9183214","Hard Cover Journal",0,0,17,"0.2","0.3"
"GGOEAAWJ062550","Android Infant Short Sleeve Tee Pewter",2,2,15,"0.2","0.4"
"9180844","Gunmetal Roller Ball Pen",0,0,9,"0.3","0.6"
"GGOEGATB060413","Women's Quilted Insulated Vest Black",6,7,16,"0.2","0.4"
"GGOEGAPB057517","Women's Weatherblock Shell Jacket Black",2,2,16,"0.2","0.4"
"9182764","Women's Convertible Vest-Jacket Black",0,0,11,"0.3","0.6"
"GGOEAAEH035216","Android Men's Vintage Henley",2,2,16,"0.2","0.4"
"9182828","Toddler Short Sleeve T-shirt Royal Blue",0,0,13,"0.3","0.6"
"GGOEGAER035517","Men's Vintage Tank",1,1,17,"0.2","0.4"
"GGOEGAPB058612","Women's Yoga Jacket Black",17,21,17,"0.2","0.4"
"GGOEYAEJ029014","Women's Short Sleeve Hero Tee Charcoal",4,5,17,"0.2","0.4"
"GGOEGAAH034016","Men's Vintage Badge Tee Sage",193,248,18,"0.2","0.4"
"GGOEWCKQ085457","Pack of 9 Decal Set",31,39,18,"0.2","0.4"
"GGOEGAEJ028014","Women's Short Sleeve Hero Tee Grey",90,114,18,"0.2","0.4"
"GGOEGAQB036013","Women's Fleece Hoodie",58,73,18,"0.2","0.4"
"9182751","Men's Performance Full Zip Jacket Black",0,0,14,"0.3","0.6"
"9184695","Baby on Board Window Decal",0,0,15,"0.3","0.6"
"GGOEGADJ057115","Men's Performance 1/4 Zip Pullover Heather/Black",7,8,19,"0.2","0.4"
"GGOEYHPA003610","Wool Heather Cap Heather/Black",0,0,15,"0.3","0.6"
"GGOEGALQ034215","Women's Vintage Hero Tee White",29,37,19,"0.2","0.4"
"GGOEAAEH035217","Android Men's Vintage Henley",8,10,19,"0.2","0.4"
"GGOEAKDH019899","Windup Android",1351,1674,5,"0.4","0.4"
"GGOEGAAX0578","Women's Performance Full Zip Jacket Black",10,17,13,"-0.4","0.4"
"GGOEGCBC074299","Device Stand",154,195,15,"0.8","0.4"
"GGOEGDHR082199","25 oz Red Stainless Steel Bottle",221,341,30,"0.5","0.8"
"GGOEGAXC065655","Toddler Hoodie Royal Blue",30,47,5,"0.5","0.8"
"GGOEGAAJ032614","Men's Short Sleeve Badge Tee Charcoal",62,97,5,"0.5","0.8"
"9182581","Women's Fleece Hoodie",0,0,17,"0.3","0.6"
"GGOEGAWR061048","Onesie Red/Graphite",20,31,5,"0.5","0.8"
"GGOEGALQ036613","Women's Scoop Neck Tee White",39,59,6,"0.5","0.8"
"GGOEGAYR068226","Youth Short Sleeve Tee Red",5,7,6,"0.5","0.8"
"9182771","Women's 1/4 Zip Jacket Charcoal",0,0,6,"0.4","0.6"
"GGOEGAAJ057015","Men's Short Sleeve Performance Badge Tee Charcoal",88,137,6,"0.5","0.8"
"GGOEWFKA083099","Mood Happy Window Decal",17,26,6,"0.5","0.8"
"GGOEGAEJ028016","Women's Short Sleeve Hero Tee Grey",33,51,6,"0.5","0.8"
"GGOEGAAX0652","Toddler Short Sleeve T-shirt Royal Blue",19,30,6,"0.5","0.8"
"9182743","Men's Microfiber 1/4 Zip Pullover Blue/Indigo",0,0,7,"0.4","0.6"
"GGOEGAWR061050","Onesie Red/Graphite",4,6,7,"0.5","0.8"
"GGOEGAAJ059114","Men's Short Sleeve Performance Badge Tee Pewter",69,107,7,"0.5","0.8"
"GGOEAAYC068725","Android Youth Short Sleeve T-shirt Aqua",51,77,7,"0.5","0.8"
"GGOEAAAC080917","Android Lifted Men's Short Sleeve Tee Blue",6,9,7,"0.5","0.8"
"9180838","Metal Texture Roller Pen",0,0,8,"0.4","0.6"
"GGOEGAAX0656","Toddler Hoodie Royal Blue",33,51,7,"0.5","0.8"
"GGOEAAXJ066229","Android Toddler Short Sleeve T-shirt Pewter",3,4,8,"0.5","0.8"
"GGOEYAEJ029017","Women's Short Sleeve Hero Tee Charcoal",3,4,8,"0.5","0.8"
"GGOEGAAJ032616","Men's Short Sleeve Badge Tee Charcoal",31,48,8,"0.5","0.8"
"GGOEYAEJ029616","Women's Short Sleeve Tri-blend Badge Tee Grey",3,4,8,"0.5","0.8"
"GGOEGALL074613","Women's Short Sleeve Badge Tee Navy",22,33,8,"0.5","0.8"
"GGOEGADC059316","Men's Airflow 1/4 Zip Pullover Lapis",4,6,8,"0.5","0.8"
"GGOEGADJ056813","Men's Watershed Full Zip Hoodie Grey",35,54,9,"0.5","0.8"
"GGOEGADC059513","Men's Microfiber 1/4 Zip Pullover Blue/Indigo",6,9,9,"0.5","0.8"
"GGOEGADB056717","Men's Softshell Jacket Black/Grey",2,3,9,"0.5","0.8"
"GGOEAAAJ080816","Android Men's Engineer Short Sleeve Tee Charcoal",9,13,9,"0.5","0.8"
"GGOEGALB034116","Women's Vintage Hero Tee Black",79,121,9,"0.5","0.8"
"GGOEGDHQ015399","26 oz Double Wall Insulated Bottle",845,256,9,"0.5","0.8"
"9182569","Men's  Zip Hoodie",0,0,10,"0.4","0.6"
"GGOEGAAQ057215","Men's Colorblock Tee White/Heather",4,6,10,"0.5","0.8"
"GGOEGAAX0629","Baby Essentials Set",126,194,10,"0.5","0.8"
"GGOEYAAJ033015","Men's Long & Lean Tee Charcoal",21,33,10,"0.5","0.8"
"GGOEGOCB078299","Leather Journal-Black",224,354,10,"0.5","0.8"
"GGOEAAAJ080813","Android Men's Engineer Short Sleeve Tee Charcoal",17,26,11,"0.5","0.8"
"GGOEYAWJ061449","Onesie Heather",45,71,11,"0.5","0.8"
"GGOEGAEB084515","BLM Sweatshirt",6,9,11,"0.5","0.8"
"GGOEAAAH083313","Android Men's Paradise Short Sleeve Tee Olive",2,3,11,"0.5","0.8"
"GGOEGAWH061354","Onesie Green",33,50,11,"0.5","0.8"
"GGOEAAAJ031917","Android Men's Short Sleeve Hero Tee Heather",37,57,12,"0.5","0.8"
"GGOEAAAH083315","Android Men's Paradise Short Sleeve Tee Olive",12,18,12,"0.5","0.8"
"GGOEAAAB034817","Android BTTF Cosmos Graphic Tee",7,10,12,"0.5","0.8"
"GGOEGADC059517","Men's Microfiber 1/4 Zip Pullover Blue/Indigo",2,3,12,"0.5","0.8"
"GGOEGAXQ067128","Toddler Short Sleeve Tee White",8,12,12,"0.5","0.8"
"GGOEYOCR077799","Hard Cover Journal",1330,2046,13,"0.5","0.8"
"9182737","Women's 3/4 Sleeve Baseball Raglan Heather/Black",0,0,17,"0.4","0.6"
"GGOEGALJ073315","Women's Short Sleeve Hero Tee Heather",2,3,13,"0.5","0.8"
"GGOEGOCC077299","RFID Journal",1834,2839,13,"0.5","0.8"
"GGOEYHPA003510","Trucker Hat",0,0,17,"0.4","0.6"
"GGOEGAXQ067130","Toddler Short Sleeve Tee White",12,18,13,"0.5","0.8"
"GGOEAAQB036116","Android Women's Fleece Hoodie",12,18,14,"0.5","0.8"
"GGOEGADB059613","Men's Quilted Insulated Vest Black",12,18,14,"0.5","0.8"
"9184721","BLM Sweatshirt",0,0,19,"0.4","0.6"
"GGOEAAAJ080817","Android Men's Engineer Short Sleeve Tee Charcoal",3,4,14,"0.5","0.8"
"9182898","Android Youth Short Sleeve T-shirt Aqua",0,0,16,"0.7","1.2"
"GGOEGAAJ057013","Men's Short Sleeve Performance Badge Tee Charcoal",27,43,15,"0.5","0.8"
"GGOEGADJ059714","Men's Quilted Insulated Vest Battleship Grey",6,9,15,"0.5","0.8"
"GGOEAAEJ035714","Android Men's Vintage Tank",42,64,15,"0.5","0.8"
"GGOEGAAX0231","Collapsible Pet Bowl",39,59,15,"0.5","0.8"
"GGOEGADB059216","Men's Airflow 1/4 Zip Pullover Black",5,7,16,"0.5","0.8"
"GGOEYAEB028415","Women's  Short Sleeve Hero Tee Black",4,6,16,"0.5","0.8"
"GGOEAAAJ032417","Android Men's Short Sleeve Tri-blend Hero Tee Grey",8,12,16,"0.5","0.8"
"GGOEYAYR068626","Youth Short Sleeve Tee Red",3,4,17,"0.5","0.8"
"GGOEYAEJ029513","Women's Short Sleeve Tri-blend Badge Tee Charcoal",56,89,18,"0.5","0.8"
"9183112","Men's Fleece Hoodie Black",0,0,18,"0.7","1.2"
"GGOEYAEB035617","Men's Vintage Tank",1,1,18,"0.5","0.8"
"9184734","Learning Thermostat 3rd Gen-USA - Copper",0,0,19,"0.7","1.2"
"GGOEAAAB034917","Android BTTF Moonshot Graphic Tee",13,20,19,"0.5","0.8"
"GGOEAAXN066330","Android Toddler Short Sleeve T-shirt Pink",44,70,19,"0.5","0.8"
"GGOEAAEJ035715","Android Men's Vintage Tank",15,23,19,"0.5","0.8"
"GGOEGAAJ032815","Men's Long & Lean Tee Charcoal",161,251,19,"0.5","0.8"
"GGOEGAXC065629","Toddler Hoodie Royal Blue",27,41,19,"0.5","0.8"
"GGOEGAWC062849","Infant Zip Hood Royal Blue",69,108,19,"0.5","0.8"
"GGOEYAFB073117","Men's Fleece Hoodie Black",13,20,19,"0.5","0.8"
"GGOEGESB015099","Basecamp Explorer Powerbank Flashlight",200,306,14,"-0.3","0.8"
"GGOEGOFH020299","Screen Cleaning Cloth",844,1324,5,"0.7","0.8"
"GGOEGESB015199","Flashlight",9,13,6,"0.7","0.8"
"GGOEGAAX0604","Women's Quilted Insulated Vest Black",6,10,11,"0.1","0.8"
"GGOEGAAX0328","Men's Long & Lean Tee Charcoal",8,11,14,"0.1","0.8"
"GGOEGAAX0342","Women's Vintage Hero Tee White",127,172,14,"0.1","0.8"
"GGOEGAAX0572","Men's Colorblock Tee White/Heather",1,1,8,"0.2","0.8"
"GGOEACCQ017299","Android Lunch Kit",107,163,12,"-0.2","0.8"
"GGOEGCKQ013199","1 oz Hand Sanitizer",381,679,3,"0.5","1.1"
"GGOEGAAX0344","Women's Vintage Hero Tee Platinum",32,34,5,"-0.5","1.1"
"GGOEGAAX0297","Women's Short Sleeve Hero Tee Red Heather",11,16,6,"0.3","1.1"
"GGOEGAAX0602","Women's 1/4 Zip Performance Pullover Black",12,21,12,"0.3","1.1"
"GGOEGAAX0730","Men's Performance Hero Tee Gunmetal",1,1,17,"0.3","1.1"
"GGOEGAAX0731","Men's Fleece Hoodie Black",94,142,17,"0.3","1.1"
"GGOEGOAJ021599","Gunmetal Roller Ball Pen",740,1321,36,"0.7","1.1"
"GGOEGAAX0074","22 oz Water Bottle",8942,15607,2,"0.7","1.1"
"GGOEGAXQ067129","Toddler Short Sleeve Tee White",7,12,5,"0.7","1.1"
"9181572","Android Wool Heather Cap Heather/Black",0,0,5,"0.8","1.2"
"9182705","Android Men's Long & Lean Badge Tee Charcoal",0,0,7,"0.8","1.2"
"GGOEGAER035515","Men's Vintage Tank",23,41,5,"0.7","1.1"
"9182785","Women's Lightweight Microfleece Jacket",0,0,8,"0.8","1.2"
"GGOEGADJ059814","Men's Convertible Vest-Jacket Pewter",5,8,5,"0.7","1.1"
"GGOEAHPJ074410","Android Twill Cap",91,161,5,"0.7","1.1"
"9180767","Slim Utility Travel Bag",0,0,8,"0.8","1.2"
"GGOEGKWQ060910","Bib White",65,116,6,"0.7","1.1"
"GGOEAAWJ062549","Android Infant Short Sleeve Tee Pewter",5,8,6,"0.7","1.1"
"GGOEGALB036517","Women's Scoop Neck Tee Black",13,23,7,"0.7","1.1"
"9182502","Women's Yoga Jacket Black",0,0,10,"0.8","1.2"
"GGOEGOCT019199","Red Spiral  Notebook",316,43,8,"0.7","1.1"
"GGOEGAAJ073016","Men's Performance Hero Tee Gunmetal",6,10,8,"0.7","1.1"
"GGOEAAEJ033415","Android Men's Long Sleeve Badge Crew Tee Heather",51,92,8,"0.7","1.1"
"GGOEGOAC021799","Ballpoint Pen Blue",226,400,8,"0.7","1.1"
"GGOEAAAP081214","Android Men's Take Charge Short Sleeve Tee Purple",38,68,8,"0.7","1.1"
"GGOEGAWQ062248","Infant Short Sleeve Tee White",4,7,8,"0.7","1.1"
"9183186","G Noise-reducing Bluetooth Headphones",0,0,11,"0.8","1.2"
"GGOEGADB059215","Men's Airflow 1/4 Zip Pullover Black",24,41,9,"0.7","1.1"
"9180905","Men's Long Sleeve Raglan Ocean Blue",0,0,13,"0.8","1.2"
"GGOEGAYQ069026","Youth Short Sleeve Tee White",2,3,9,"0.7","1.1"
"9183152","Youth Short Sleeve Tee Red",0,0,14,"0.8","1.2"
"GGOEGAAX0688","Android Youth Short Sleeve T-shirt Pewter",2,3,10,"0.7","1.1"
"GGOEGGCX056399","Gift Card - $250.00",22,38,10,"0.7","1.1"
"GGOEAAFB035915","Android Men's  Zip Hoodie",8,14,10,"0.7","1.1"
"GGOEGADJ057113","Men's Performance 1/4 Zip Pullover Heather/Black",10,18,11,"0.7","1.1"
"9182777","Women's Performance Golf Polo Blue",0,0,14,"0.8","1.2"
"GGOEAAAL081115","Android Men's Pep Rally Short Sleeve Tee Navy",23,41,11,"0.7","1.1"
"9182658","Women's Short Sleeve Hero Tee Sky Blue",0,0,17,"0.8","1.2"
"GGOEGDHC015299","23 oz Wide Mouth Sport Bottle",402,142,12,"0.7","1.1"
"9182742","Men's Convertible Vest-Jacket Pewter",0,0,17,"0.8","1.2"
"GGOEGAEQ027915","Women's Short Sleeve Hero Tee White",29,51,12,"0.7","1.1"
"GGOEGAAC035017","Men's Bayside Graphic Tee",4,7,13,"0.7","1.1"
"GGOEGADB059217","Men's Airflow 1/4 Zip Pullover Black",4,7,14,"0.7","1.1"
"GGOEGAFB035817","Men's  Zip Hoodie",9,15,14,"0.7","1.1"
"GGOEGADC059514","Men's Microfiber 1/4 Zip Pullover Blue/Indigo",9,16,14,"0.7","1.1"
"GGOEGAAB033814","Men's Vintage Badge Tee Black",222,395,14,"0.7","1.1"
"GGOEGAYT068525","Youth Short Sleeve T-shirt Yellow",33,59,14,"0.7","1.1"
"9181151","Gift Card - $50.00",0,0,5,"0.4","0.7"
"GGOEGATB060616","Women's Convertible Vest-Jacket Black",3,5,15,"0.7","1.1"
"9180782","Seat Pack Organizer",0,0,7,"0.4","0.7"
"GGOEGATB060617","Women's Convertible Vest-Jacket Black",9,15,15,"0.7","1.1"
"GGOEGAAJ032814","Men's Long & Lean Tee Charcoal",163,295,15,"0.7","1.1"
"GGOEGAEA030415","Womens 3/4 Sleeve Baseball Raglan Heather/Black",19,33,15,"0.7","1.1"
"GGOEAAEH035214","Android Men's Vintage Henley",24,43,15,"0.7","1.1"
"GGOEGAEC033116","Men's Long Sleeve Raglan Ocean Blue",39,70,15,"0.7","1.1"
"GGOEGAPB057817","Women's Performance Full Zip Jacket Black",4,7,16,"0.7","1.1"
"GGOEGAAL010613","Men's 100% Cotton Short Sleeve Hero Tee Navy",21,37,16,"0.7","1.1"
"GGOEGAYB068026","Youth Baseball Raglan Heather/Black",12,21,16,"0.7","1.1"
"GGOEGBRD079699","25L Classic Rucksack",23,40,16,"0.7","1.1"
"GGOEGAAJ032617","Men's Short Sleeve Badge Tee Charcoal",5,9,16,"0.7","1.1"
"GGOEGAWC062848","Infant Zip Hood Royal Blue",35,62,16,"0.7","1.1"
"GGOEGAAJ032817","Men's Long & Lean Tee Charcoal",58,102,17,"0.7","1.1"
"GGOEYAXR066129","Toddler Short Sleeve Tee Red",4,7,17,"0.7","1.1"
"GGOEGAEB027816","Women's Short Sleeve Hero Tee Black",21,37,17,"0.7","1.1"
"GGOEGAAX0651","Toddler Short Sleeve Tee Red",41,71,18,"0.7","1.1"
"GGOEGAAC035015","Men's Bayside Graphic Tee",12,21,18,"0.7","1.1"
"GGOEGATB060214","Women's 1/4 Zip Performance Pullover Black",5,8,19,"0.7","1.1"
"GGOEGAAC032114","Men's Short Sleeve Hero Tee Light Blue",20,35,19,"0.7","1.1"
"GGOEGATB060216","Women's 1/4 Zip Performance Pullover Black",4,7,19,"0.7","1.1"
"GGOEGHGC019799","Sunglasses",1361,2444,13,"0.4","1.1"
"GGOEGAAX0605","Women's Quilted Insulated Vest White",10,16,9,"0.6","1.6"
"GGOEGAAX0597","Men's Quilted Insulated Vest Battleship Grey",24,45,11,"0.6","1.6"
"GGOEGAAX0366","Women's Scoop Neck Tee White",51,81,18,"0.6","1.6"
"GGOEGOCB017499","Leatherette Journal",3071,4978,36,"0.5","0.9"
"GGOEGAAX0037","Sunglasses",4204,6805,5,"0.5","0.9"
"GGOEGFKQ020799","Doodle Decal",1290,2080,5,"0.5","0.9"
"GGOEGALJ036416","Women's Tee Grey",7,11,5,"0.5","0.9"
"9183226","Android Luggage Tag",0,0,7,"0.4","0.7"
"9183228","Cam Indoor Security Camera - USA",0,0,10,"0.4","0.7"
"GGOEGALP034316","Women's Vintage Hero Tee Lavender",3,4,8,"0.5","0.9"
"9182999","Bongo Cupholder Bluetooth Speaker",0,0,10,"0.4","0.7"
"GGOEGATB060615","Women's Convertible Vest-Jacket Black",16,25,8,"0.5","0.9"
"9182909","Collapsible Pet Bowl",0,0,11,"0.4","0.7"
"GGOEYAEA035117","Men's Vintage Henley",37,59,8,"0.5","0.9"
"9182559","Android Men's Vintage Henley",0,0,12,"0.4","0.7"
"GGOEYAWJ061454","Onesie Heather",13,21,10,"0.5","0.9"
"GGOEGAAB010514","Men's 100% Cotton Short Sleeve Hero Tee Black",681,1101,10,"0.5","0.9"
"GGOEAAFB035913","Android Men's  Zip Hoodie",8,12,11,"0.5","0.9"
"GGOEGBJC019999","Collapsible Shopping Bag",1184,117,11,"0.5","0.9"
"GGOEAHPJ004314","Android Stretch Fit Hat M/L",37,59,13,"0.5","0.9"
"GGOEGAWR061850","Infant Short Sleeve Tee Red",3,4,13,"0.5","0.9"
"GGOEAAWN062650","Android Infant Short Sleeve Tee Pink",6,9,14,"0.5","0.9"
"GGOEGESQ016799","Plastic Sliding Flashlight",1570,2561,14,"0.5","0.9"
"GGOEGAUC057717","Women's Performance Golf Polo Blue",2,3,14,"0.5","0.9"
"GGOEGAAC035013","Men's Bayside Graphic Tee",16,25,15,"0.5","0.9"
"GGOEAHPB080210","Android 5-Panel Low Cap",7,11,16,"0.5","0.9"
"GGOEGATC060315","Women's 1/4 Zip Performance Pullover Two-Tone Blue",5,8,16,"0.5","0.9"
"9181150","Gift Card - $250.00",0,0,12,"0.4","0.7"
"GGOEGALP034314","Women's Vintage Hero Tee Lavender",27,43,17,"0.5","0.9"
"GGOEYAFB073115","Men's Fleece Hoodie Black",108,175,17,"0.5","0.9"
"GGOEA0CH077599","Android Hard Cover Journal",63,102,17,"0.5","0.9"
"GGOEGAEC033117","Men's Long Sleeve Raglan Ocean Blue",6,9,18,"0.5","0.9"
"9184705","Women's Typography Short Sleeve Tee",0,0,13,"0.4","0.7"
"GGOEGAAJ032717","Men's Long & Lean Tee Grey",14,22,18,"0.5","0.9"
"GGOEGXXX0845","BLM Sweatshirt",3,4,18,"0.5","0.9"
"GGOEAAEJ028216","Android Women's Short Sleeve Badge Tee Dark Heather",3,4,19,"0.5","0.9"
"GGOEGAAX0663","Android Toddler Short Sleeve T-shirt Pink",12,19,19,"0.5","0.9"
"GGOEGAAX0584","Women's Yoga Pants",2,3,6,"0.3","0.9"
"GGOEGALJ060114","Women's Short Sleeve Performance Tee Pewter",27,44,5,"0.6","0.9"
"GGOEGAAJ080615","Men's Bike Short Sleeve Tee Charcoal",78,129,5,"0.6","0.9"
"GGOEGADC059317","Men's Airflow 1/4 Zip Pullover Lapis",2,3,5,"0.6","0.9"
"GGOEGAEJ030816","Women's Long Sleeve Blended Cardigan Charcoal",9,14,5,"0.6","0.9"
"GGOEGAWH061348","Onesie Green",67,110,5,"0.6","0.9"
"9180840","Satin Black Ballpoint Pen",0,0,16,"0.4","0.7"
"GGOEGAAJ032316","Men's Short Sleeve Hero Tee Charcoal",59,98,5,"0.6","0.9"
"GGOEGAAJ032813","Men's Long & Lean Tee Charcoal",52,85,5,"0.6","0.9"
"GGOEGHPL003214","Stretch Fit Hat M/L Navy",4,6,6,"0.6","0.9"
"GGOEGAWQ062949","Baby Essentials Set",211,349,6,"0.6","0.9"
"GGOEGAYL068156","Youth Sports Tee Navy",30,48,6,"0.6","0.9"
"GGOEGAWN062749","Infant Zip Hood Pink",89,147,6,"0.6","0.9"
"GGOEGADB056614","Men's Weatherblock Shell Jacket Black",27,44,7,"0.6","0.9"
"GGOEGAEC029113","Women's Short Sleeve Hero Tee Sky Blue",15,24,7,"0.6","0.9"
"GGOEGALJ034417","Women's Vintage Hero Tee Platinum",4,6,8,"0.6","0.9"
"GGOEGOCD078199","Leather Journal-Brown",275,451,9,"0.6","0.9"
"GGOEGHPJ080010","French Terry Cap",0,0,17,"0.4","0.7"
"GGOEGGCX056299","Gift Card - $25.00",65,107,10,"0.6","0.9"
"GGOEYAAQ031716","Men's Short Sleeve Hero Tee White",20,32,10,"0.6","0.9"
"GGOEGAAC032115","Men's Short Sleeve Hero Tee Light Blue",16,26,10,"0.6","0.9"
"GGOEGAAR010713","Men's 100% Cotton Short Sleeve Hero Tee Red",21,34,10,"0.6","0.9"
"GGOEGADJ057116","Men's Performance 1/4 Zip Pullover Heather/Black",4,6,11,"0.6","0.9"
"GGOEWFKA082999","Baby on Board Window Decal",251,415,11,"0.6","0.9"
"9182995","Car Clip Phone Holder",0,0,18,"0.4","0.7"
"GGOEYAAJ032516","Men's Short Sleeve Hero Tee Charcoal",11,18,12,"0.6","0.9"
"GGOEGBRJ037299","Alpine Style Backpack",165,272,12,"0.6","0.9"
"GGOEGAAB010516","Men's 100% Cotton Short Sleeve Hero Tee Black",90,148,12,"0.6","0.9"
"9182752","Men's Short Sleeve Performance Badge Tee Charcoal",0,0,19,"0.4","0.7"
"GGOEGAAX0680","Youth Baseball Raglan Heather/Black",17,28,13,"0.6","0.9"
"GGOEYAWJ061453","Onesie Heather",26,43,14,"0.6","0.9"
"GGOEAAAH083314","Android Men's Paradise Short Sleeve Tee Olive",18,30,14,"0.6","0.9"
"GGOEGAAJ032714","Men's Long & Lean Tee Grey",49,81,14,"0.6","0.9"
"GGOEGKWR060810","Bib Red",27,44,15,"0.6","0.9"
"GGOEAAAC080916","Android Lifted Men's Short Sleeve Tee Blue",3,4,16,"0.6","0.9"
"GGOEGAYH067956","Youth Girl Tee Green",11,18,16,"0.6","0.9"
"GGOEAAAC080913","Android Lifted Men's Short Sleeve Tee Blue",7,11,16,"0.6","0.9"
"GGOEGAAX0349","Android BTTF Moonshot Graphic Tee",0,0,15,"0.5","1.4"
"GGOEGAEB084517","BLM Sweatshirt",1,1,17,"0.6","0.9"
"GGOEGAAJ032716","Men's Long & Lean Tee Grey",16,26,17,"0.6","0.9"
"GGOEYAAB031817","Men's Short Sleeve Hero Tee Black",13,21,18,"0.6","0.9"
"GGOEGAAX0577","Women's Performance Golf Polo Blue",0,0,19,"0.5","1.4"
"GGOEGAAX0687","Android Youth Short Sleeve T-shirt Aqua",24,39,18,"0.6","0.9"
"GGOEGAEC033114","Men's Long Sleeve Raglan Ocean Blue",44,71,18,"0.6","0.9"
"GGOEGAAX0622","Infant Short Sleeve Tee White",34,55,19,"0.6","0.9"
"GGOEGAWR061848","Infant Short Sleeve Tee Red",11,18,19,"0.6","0.9"
"GGOEGAAX0580","Women's 1/4 Zip Jacket Charcoal",4,7,18,"-0.1","0.9"
"GGOEGAAX0106","Men's 100% Cotton Short Sleeve Hero Tee Navy",15,29,6,"0.2","0.9"
"GGOEGAAX0357","Android Men's Vintage Tank",33,57,10,"0.2","0.9"
"GGOEGAAX0104","Men's 100% Cotton Short Sleeve Hero Tee White",528,749,12,"0.2","0.9"
"GGOEGAAX0363","Women's Long Sleeve Tee Lavender",80,128,13,"0.2","0.9"
"GGOEGAAX0360","Women's Fleece Hoodie",58,78,15,"0.2","0.9"
"GGOEGAAX0278","Women's Short Sleeve Hero Tee Black",95,121,16,"0.2","0.9"
"GGOEGAAX0359","Android Men's  Zip Hoodie",12,17,16,"0.2","0.9"
"GGOEGAAX0579","Women's Short Sleeve Performance Tee Charcoal",10,18,11,"-0.2","0.9"
"GGOEGAAX0588","Women's Shell Jacket Blue/Black",3,5,7,"0","1.3"
"GGOEGCVB072399","Executive Umbrella",242,458,5,"0.6","1.3"
"GGOEGPJR018999","7"" Dog Frisbee",168,324,5,"0.6","1.3"
"GGOEWEBB082699","Mobile Phone Vent Mount",68,129,15,"0.7","1.3"
"GGOEGCBB074399","Device Holder Sticky Pad",49,94,8,"0.1","1.3"
"GGOEGAAX0281","Women's Short Sleeve Badge Tee Grey",7,8,8,"0.4","1.3"
"9183096","Youth Sports Tee Navy",0,0,12,"0.5","0.9"
"GGOEGAAX0575","Women's Weatherblock Shell Jacket Black",1,1,13,"0.4","1.3"
"GGOEGHPB071610","Twill Cap",917,1755,5,"0.8","1.3"
"GGOEGAAX0655","Toddler Short Sleeve T-shirt Grey",65,123,5,"0.8","1.3"
"GGOEGATJ060516","Women's Quilted Insulated Vest White",3,5,5,"0.8","1.3"
"GGOEAAYJ068856","Android Youth Short Sleeve T-shirt Pewter",3,5,5,"0.8","1.3"
"9182383","Men's Watershed Full Zip Hoodie Grey",0,0,7,"0.9","1.4"
"GGOEGATH060714","Women's Convertible Vest-Jacket Sea Foam Green",10,19,6,"0.8","1.3"
"GGOEGAAC032113","Men's Short Sleeve Hero Tee Light Blue",9,17,6,"0.8","1.3"
"GGOEAAEH035213","Android Men's Vintage Henley",10,19,6,"0.8","1.3"
"GGOEGAEJ035313","Vintage Henley Grey/Black",16,30,6,"0.8","1.3"
"GGOEGAFB035815","Men's  Zip Hoodie",52,98,6,"0.8","1.3"
"GGOEAAYJ068826","Android Youth Short Sleeve T-shirt Pewter",3,5,7,"0.8","1.3"
"9182587","Android Women's Fleece Hoodie",0,0,12,"0.9","1.4"
"9183000","Pocket Bluetooth Speaker",0,0,12,"0.9","1.4"
"GGOEGAAX0346","Men's Vintage Tee",0,0,12,"0.9","1.4"
"GGOEGAAR010717","Men's 100% Cotton Short Sleeve Hero Tee Red",15,29,8,"0.8","1.3"
"GGOEAHPB076115","Android Stretch Fit Hat",18,34,8,"0.8","1.3"
"GGOEAAEJ033416","Android Men's Long Sleeve Badge Crew Tee Heather",15,28,9,"0.8","1.3"
"GGOEGBMB073799","Zipper-front Sports Bag",162,307,9,"0.8","1.3"
"GGOEAOCH077899","Android Spiral Journal with Pen",665,1280,9,"0.8","1.3"
"GGOEGAYH068456","Youth Short Sleeve T-shirt Green",17,32,9,"0.8","1.3"
"9183194","Executive Umbrella",0,0,18,"0.9","1.4"
"9180868","Crunch Noise Dog Toy",0,0,19,"0.9","1.4"
"GGOEGAEC033115","Men's Long Sleeve Raglan Ocean Blue",66,125,10,"0.8","1.3"
"GGOEAAAP081215","Android Men's Take Charge Short Sleeve Tee Purple",23,44,10,"0.8","1.3"
"GGOEGAFB035816","Men's  Zip Hoodie",22,41,10,"0.8","1.3"
"GGOEYAEA035113","Men's Vintage Henley",45,87,10,"0.8","1.3"
"GGOEGAAX0671","Toddler Short Sleeve Tee White",21,40,10,"0.8","1.3"
"GGOEGAAX0659","Toddler Raglan Shirt Blue Heather/Navy",12,22,10,"0.8","1.3"
"GGOEGAYH068425","Youth Short Sleeve T-shirt Green",4,7,11,"0.8","1.3"
"GGOEGAEB027813","Women's Short Sleeve Hero Tee Black",130,252,11,"0.8","1.3"
"GGOEGATB060417","Women's Quilted Insulated Vest Black",1,1,12,"0.8","1.3"
"GGOEWXXX0827","Women's Short Sleeve Tee",0,0,14,"0.7","1.9"
"GGOEAAEJ033414","Android Men's Long Sleeve Badge Crew Tee Heather",49,95,13,"0.8","1.3"
"GGOEGDHC074099","17oz Stainless Steel Sport Bottle",716,1390,13,"0.8","1.3"
"GGOEAAAJ032914","Android Men's Long & Lean Badge Tee Charcoal",68,129,13,"0.8","1.3"
"GGOEGOCD078399","Leather Perforated Journal",687,1305,13,"0.8","1.3"
"GGOEGAAX0611","Onesie Red",3,5,13,"0.8","1.3"
"GGOEYAEJ029617","Women's Short Sleeve Tri-blend Badge Tee Grey",2,3,13,"0.8","1.3"
"GGOEGAWQ062250","Infant Short Sleeve Tee White",16,30,13,"0.8","1.3"
"GGOEGAXL065929","Toddler Raglan Shirt Blue Heather/Navy",5,9,14,"0.8","1.3"
"GGOEGAYQ068925","Youth Girl Hoodie",4,7,14,"0.8","1.3"
"GGOEAAEB028313","Android Women's Short Sleeve Hero Tee Black",3,5,14,"0.8","1.3"
"GGOEGAAR010714","Men's 100% Cotton Short Sleeve Hero Tee Red",48,92,14,"0.8","1.3"
"GGOEGAAQ033917","Men's Vintage Badge Tee White",40,76,14,"0.8","1.3"
"GGOEYAFB073114","Men's Fleece Hoodie Black",74,143,14,"0.8","1.3"
"GGOEGAAX0598","Men's Convertible Vest-Jacket Pewter",0,0,17,"0.2","1.9"
"9180808","Basecamp Explorer Powerbank Flashlight",0,0,5,"0","0.1"
"9184676","UpCycled Handlebar Bag",0,0,7,"0","0.1"
"GGOEGADC059515","Men's Microfiber 1/4 Zip Pullover Blue/Indigo",2,3,15,"0.8","1.3"
"GGOENEBQ081799","Protect Smoke + CO White Wired Alarm - CA",26,49,15,"0.8","1.3"
"GGOEGADB059214","Men's Airflow 1/4 Zip Pullover Black",22,41,15,"0.8","1.3"
"GGOEGAPB058216","Women's Lightweight Microfleece Jacket",2,3,15,"0.8","1.3"
"GGOEGAWC061948","Infant Short Sleeve Tee Royal Blue",5,9,16,"0.8","1.3"
"GGOEGAEJ028015","Women's Short Sleeve Hero Tee Grey",72,138,16,"0.8","1.3"
"GGOEGALJ057915","Women's Short Sleeve Performance Tee Charcoal",6,11,16,"0.8","1.3"
"GGOEGAER029716","Women's Short Sleeve Hero Tee Red Heather",7,13,17,"0.8","1.3"
"GGOEAAAJ031915","Android Men's Short Sleeve Hero Tee Heather",101,193,18,"0.8","1.3"
"GGOEGAWC061950","Infant Short Sleeve Tee Royal Blue",4,7,18,"0.8","1.3"
"GGOEGAEJ028116","Women's Short Sleeve Badge Tee Grey",11,21,18,"0.8","1.3"
"9181149","Gift Card - $25.00",0,0,11,"0","0.1"
"9182706","Android Stretch Fit Hat",0,0,15,"0","0.1"
"GGOENEBB081499","Cam Indoor Security Camera - CA",38,72,19,"0.8","1.3"
"GGOEGAAX0761","Android Stretch Fit Hat Black",27,52,19,"0.8","1.3"
"GGOEGALJ072916","Women's Performance Hero Tee Gunmetal",3,5,19,"0.8","1.3"
"GGOEGDHC018299","22 oz Water Bottle",10075,19678,4,"0.9","1.3"
"GGOEYAWJ061450","Onesie Heather",19,37,6,"0.9","1.3"
"9180862","Screen Cleaning Cloth",0,0,15,"0","0.1"
"9183106","Women's Performance Hero Tee Gunmetal",0,0,17,"0","0.1"
"GGOEGAFB035813","Men's  Zip Hoodie",21,41,12,"0.9","1.3"
"GGOEAAEJ030913","Android Women's Long Sleeve Blended Cardigan Grey",30,58,12,"0.9","1.3"
"GGOEAAAB034816","Android BTTF Cosmos Graphic Tee",3,5,13,"0.9","1.3"
"GGOEGAAC035016","Men's Bayside Graphic Tee",2,3,14,"0.9","1.3"
"GGOEGOCL077699","Hard Cover Journal",1113,2171,14,"0.9","1.3"
"GGOEGAAX0682","Youth Short Sleeve Tee Red",16,31,14,"0.9","1.3"
"GGOEAAAQ032013","Android Men's Short Sleeve Hero Tee White",49,95,15,"0.9","1.3"
"GGOEGAYT068526","Youth Short Sleeve T-shirt Yellow",26,51,15,"0.9","1.3"
"GGOEGAEA030416","Womens 3/4 Sleeve Baseball Raglan Heather/Black",13,25,15,"0.9","1.3"
"GGOEGAAX0335","Men's Long Sleeve Pullover Badge Tee Heather",0,0,17,"0","0.1"
"9182701","Android Men's Long Sleeve Badge Crew Tee Heather",0,0,17,"0","0.1"
"9180762","Tote Bag",0,0,6,"0.8","1.3"
"9183210","RFID Journal",0,0,19,"0","0.1"
"GGOEGAAX0576","Women's Softshell Jacket Black/Grey",0,0,16,"-0.2","0.1"
"9180792","20 oz Stainless Steel Insulated Tumbler",0,0,8,"0","0.2"
"9182753","Men's Weatherblock Shell Jacket Black",0,0,10,"0","0.2"
"9183221","Leather Journal-Black",0,0,15,"0","0.2"
"GGOEYOBR078599","Luggage Tag",0,0,15,"0","0.2"
"GGOEGHPA003010","Wool Heather Cap Heather/Navy",0,0,6,"0.1","0.2"
"9182593","Men's Pullover Hoodie Grey",0,0,9,"0.7","1.1"
"9182781","Women's Short Sleeve Hero Tee Black",0,0,9,"0.7","1.1"
"9182575","Android Men's  Zip Hoodie",0,0,11,"0.7","1.1"
"9182784","Women's Short Sleeve Hero Tee White",0,0,12,"0.7","1.1"
"9181664","Waterproof Gear Bag",0,0,12,"0.7","1.1"
"9182725","Men's Long & Lean Tee Grey",0,0,15,"0.7","1.1"
"9180850","Ballpoint Stylus Pen",0,0,6,"0.3","0.5"
"9183118","Women's Fleece Hoodie Black",0,0,6,"0.3","0.5"
"9183203","Device Holder Sticky Pad",0,0,8,"0.3","0.5"
"9184697","Mood Original Window Decal",0,0,11,"0.3","0.5"
"9182723","Men's 100% Cotton Short Sleeve Hero Tee White",0,0,11,"0.3","0.5"
"9182720","Men's Short Sleeve Badge Tee Charcoal",0,0,13,"0.3","0.5"
"9182772","Women's Performance Full Zip Jacket Black",0,0,14,"0.3","0.5"
"9182755","Men's Colorblock Tee White/Heather",0,0,14,"0.3","0.5"
"9184720","Women's Short Sleeve Hero Tee Sky Blue",0,0,16,"0.3","0.5"
"9182761","Women's Yoga Jacket Black",0,0,16,"0.3","0.5"
"9184689","Men's Short Sleeve Tee",0,0,17,"0.3","0.5"
"9184682","Mobile Phone Vent Mount",0,0,7,"0.2","0.5"
"9180753","",0,0,0,"0","0"
"9184677","",0,0,0,"0","0"
"9184663","",0,0,0,"0","0"
"9182763","",0,0,0,"0","0"
"9182779","",0,0,0,"0","0"
"9182182","",0,0,0,"0","0"
"GGOEYAXR066128","",3,0,0,"0","0"
"GGOEGALJ057912","",2,0,0,"0","0"
"GGOEGHPA002910","Trucker Hat",0,0,15,"0.7","1.1"
"9180820","Doodle Decal",0,0,7,"0.5","0.9"
"9180793","26 oz Double Wall Insulated Bottle",0,0,8,"0.5","0.9"
"9180766","Sport Bag",0,0,8,"0.5","0.9"
"9184675","UpCycled Bike Saddle Bag",0,0,8,"0.5","0.9"
"9184708","Women's Typography Short Sleeve Tee",0,0,9,"0.5","0.9"
"9180779","1 oz Hand Sanitizer",0,0,12,"0.5","0.9"
"GGOEYDHJ019399","24 oz  Sergeant Stripe Bottle",0,0,17,"0.5","0.9"
"9182848","Toddler Hoodie Royal Blue",0,0,18,"0.5","0.9"
"9181138","Rucksack",0,0,5,"0.6","0.9"
"9182740","Men's Airflow 1/4 Zip Pullover Black",0,0,9,"0.6","0.9"
"9184733","Learning Thermostat 3rd Gen-USA - White",0,0,11,"0.6","0.9"
"9182719","Men's Short Sleeve Hero Tee Charcoal",0,0,12,"0.6","0.9"
"9182553","Men's Vintage Henley",0,0,17,"0.6","0.9"
"9182714","Men's Long Sleeve Raglan Ocean Blue",0,0,18,"0.6","0.9"
"GGOEAXXX0833","Android Men's Paradise Short Sleeve Tee Olive",0,0,14,"0.4","1.3"
"9182816","Infant Zip Hood Royal Blue",0,0,6,"0.8","1.3"
"9183222","Leather Perforated Journal",0,0,7,"0.8","1.3"
"9180769","Laptop Backpack",0,0,7,"0.8","1.3"
"9183196","4400mAh Power Bank",0,0,7,"0.8","1.3"
"9183212","Android RFID Journal",0,0,9,"0.8","1.3"
"9183219","Leather Journal",0,0,9,"0.8","1.3"
"9184707","Women's Typography Short Sleeve Tee",0,0,12,"0.8","1.3"
"9183188","High Capacity 10,400mAh Charger",0,0,14,"0.8","1.3"
"9182599","Women's Long Sleeve Tee Lavender",0,0,15,"0.8","1.3"
"9182717","Men's Short Sleeve Hero Tee Light Blue",0,0,15,"0.8","1.3"
"9183229","Cam Outdoor Security Camera - USA",0,0,18,"0.8","1.3"
"9183239","25L Classic Rucksack",0,0,19,"0.8","1.3"
"9182741","Men's Airflow 1/4 Zip Pullover Lapis",0,0,8,"0.9","1.3"
"9182745","Men's Quilted Insulated Vest Black",0,0,9,"0.9","1.3"
"9182176","Android Women's Short Sleeve Badge Tee Dark Heather",0,0,8,"0.1","0.2"
"9182765","Women's Convertible Vest-Jacket Sea Foam Green",0,0,10,"0.1","0.2"
"9180771","Yoga Mat Purple",0,0,11,"0.1","0.2"
"9182820","Baby Essentials Set",0,0,12,"0.1","0.2"
"9183223","Spiral Leather Journal",0,0,18,"0.1","0.2"
"9182726","Men's Long & Lean Tee Charcoal",0,0,18,"0.1","0.2"
"9183015","Onesie Heather",0,0,19,"0.1","0.2"
"GGOEWXXX0834","Women's Typography Short Sleeve Tee",0,0,18,"0","0.4"
"GGOEGAAX0729","Women's Performance Hero Tee Gunmetal",0,0,10,"-0.1","0.4"
"9180833","Rubber Grip Ballpoint Pen 4 Pack",0,0,5,"0.2","0.4"
"9182709","Android Women's Long Sleeve Blended Cardigan Grey",0,0,6,"0.2","0.4"
"9180781","Suitcase Organizer Cubes",0,0,7,"0.2","0.4"
"9182769","Women's Short Sleeve Performance Tee Pewter",0,0,7,"0.2","0.4"
"9181148","Gift Card- $100.00",0,0,10,"0.2","0.4"
"9182173","Stylus Pen w/ LED Light",0,0,11,"0.2","0.4"
"9180748","Android Lunch Kit",0,0,12,"0.2","0.4"
"9182754","Men's Softshell Jacket Black/Grey",0,0,14,"0.2","0.4"
"9181137","Alpine Style Backpack",0,0,14,"0.2","0.4"
"9184737","Pack of 9 Decal Set",0,0,14,"0.2","0.4"
"9182746","Men's Quilted Insulated Vest Battleship Grey",0,0,15,"0.2","0.4"
"GGOEGDHB072099","Insulated Stainless Steel Bottle",0,0,16,"0.2","0.4"
"9180806","Clip-on Compact Charger",0,0,16,"0.2","0.4"
"9180824","Foam Can and Bottle Cooler",0,0,16,"0.2","0.4"
"9182773","Women's Short Sleeve Performance Tee Charcoal",0,0,18,"0.2","0.4"
"9183091","Youth Baseball Raglan Heather/Black",0,0,19,"0.2","0.4"
"9182903","Android Youth Short Sleeve T-shirt Pewter",0,0,19,"0.2","0.4"
"9180814","Micro Wireless Earbud",0,0,5,"0.5","0.8"
"9180759","Lunch Bag",0,0,6,"0.5","0.8"
"9182722","Men's 100% Cotton Short Sleeve Hero Tee Navy",0,0,7,"0.5","0.8"
"9184620","Men's Performance Full Zip Jacket Black",0,0,9,"0.5","0.8"
"9180754","8 pc Android Sticker Sheet",0,0,13,"0.5","0.8"
"9182605","Women's Tee Grey",0,0,13,"0.5","0.8"
"9184698","Mood Ninja Window Decal",0,0,14,"0.5","0.8"
"9180809","Flashlight",0,0,14,"0.5","0.8"
"9183213","Android Hard Cover Journal",0,0,18,"0.5","0.8"
"9181139","Waterproof Backpack",0,0,18,"0.5","0.8"
"9182788","Yoga Mat",0,0,19,"0.5","0.8"
"9183240","25L Classic Rucksack",0,0,5,"0.7","1.1"
"9182873","Android Toddler Short Sleeve T-shirt Pink",0,0,5,"0.7","1.1"
"9182721","Men's 100% Cotton Short Sleeve Hero Tee Black",0,0,5,"0.7","1.1"
"9180756","Windup Android",0,0,6,"0.7","1.1"
"9183230","Protect Smoke + CO White Battery Alarm-USA",0,0,7,"0.7","1.1"
"9182738","Women's Long Sleeve Blended Cardigan Charcoal",0,0,8,"0.7","1.1"
"GGOEGAXC065630","Toddler Hoodie Royal Blue",18,27,12,"0.4","0.7"
"GGOEGHGH019699","Sunglasses",1573,2086,6,"0.5","0.5"
"GGOEGAAX0610","Onesie Red/Graphite",51,63,19,"0.2","0.4"
"GGOEGBCR024399","Lunch Bag",160,290,11,"0.4","1.1"
"GGADFBSBKS42347","PC gaming speakers",0,100,1,"0","0"
"GGOEGAAX0596","Men's Quilted Insulated Vest Black",26,32,8,"0.8","2"
"GGOEGAAX0365","Women's Scoop Neck Tee Black",65,73,6,"0","0.5"
"GGOEGEVB070899","Bongo Cupholder Bluetooth Speaker",85,115,8,"0","0.5"
"GGOEGESC014699","Aluminum Handy Emergency Flashlight",66,90,9,"0","0.5"
"GGOEGAAX0325","Men's Short Sleeve Hero Tee Charcoal",53,104,12,"0","0.5"
"GGOEGAAX0296","Women's Short Sleeve Tri-blend Badge Tee Grey",19,33,15,"0","0.5"
"GGOEGAAX0581","Women's Colorblock Tee White",0,0,8,"0.8","2"
"GGOEGBMJ013399","Sport Bag",2299,2877,9,"0.3","0.4"
"GGOEGCNB021099","Seat Pack Organizer",160,304,11,"-0.4","1.3"
"GGOEGAAJ059113","Men's Short Sleeve Performance Badge Tee Pewter",13,25,16,"0.9","1.3"
"GGOEYAEJ029013","Women's Short Sleeve Hero Tee Charcoal",11,21,17,"0.9","1.3"
"GGOEGAAX0607","Women's Convertible Vest-Jacket Sea Foam Green",22,25,8,"-0.5","1.8"
"GGOEGAAX0606","Women's Convertible Vest-Jacket Black",37,48,10,"-0.3","1.8"
"GGOEGAAX0283","Android Women's Short Sleeve Hero Tee Black",7,11,7,"0.7","1.8"
"GGOEGXXX0806","Men's Bike Short Sleeve Tee Charcoal",10,12,7,"0.7","1.8"
"GGOEGAAX0107","Men's 100% Cotton Short Sleeve Hero Tee Red",40,72,8,"0.7","1.8"
"GGOEGAAX0601","Women's Short Sleeve Performance Tee Pewter",1,1,9,"0.7","1.8"
"GGOEWXXX0835","Men's Typography Short Sleeve Tee",1,1,11,"0.7","1.8"
"GGOEGAAX0567","Men's Softshell Jacket Black/Grey",1,1,12,"0.7","1.8"
"GGOEGAAX0356","Men's Vintage Tank",63,119,15,"0.7","1.8"
"GGOEGAAX0732","Women's Fleece Hoodie Black",4,5,17,"0.7","1.8"
"GGOEGAAX0334","Android Men's Long Sleeve Badge Crew Tee Heather",44,87,13,"-0.1","1.8"
"9183241","25L Classic Rucksack",0,0,16,"0.9","1.3"
"9182806","Onesie Green",0,0,17,"0.9","1.3"
